{
 "description": null,
 "identifier": "11676/mt6XnQnUn-9Sam29tMiWpzF_",
 "keywords": [
  [
   "ICOS"
  ]
 ],
 "language": null,
 "accessibilitySummary": null,
 "accountablePerson": null,
 "version": null,
 "temporalCoverage": "2020-12-04T00:01:00.422Z - 2020-12-04T00:01:00.422Z",
 "publisher": null,
 "spatial": null,
 "license": null,
 "citation": "@misc{https://hdl.handle.net/11676/mt6XnQnUn-9Sam29tMiWpzF_,\r\n  author={Gkritzalis, T.},\r\n  title={ICOS OTC SOOP NRT Product, BE-SOOP-Simon-Stevin, 2020-12-04–2021-05-11},\r\n  year={2021},\r\n  url={https://hdl.handle.net/11676/mt6XnQnUn-9Sam29tMiWpzF_},\r\n  publisher={Ocean Thematic Centre},\r\n  copyright={https://creativecommons.org/licenses/by/4.0/},\r\n  pid={11676/mt6XnQnUn-9Sam29tMiWpzF_}\r\n}",
 "type/genre": "Ocean data",
 "creator": null,
 "update/modification_date": null,
 "distribution": null,
 "image": [],
 "thumbnailUrl": null,
 "headline": null,
 "abstract": [
  "valid for QuinCe versions from 2.0.0"
 ],
 "theme/category": "OTC SOOP dataset",
 "dateCreated": null,
 "creditText": null,
 "datePublished": "2021-05-12",
 "producer": null,
 "author": [
  "Thanos Gkritzalis"
 ],
 "spatialCoverage": [
  [
   2.936,
   51.226
  ],
  [
   2.695,
   51.193
  ],
  [
   2.565,
   51.384
  ],
  [
   2.902,
   51.253
  ],
  [
   3.241,
   51.384
  ],
  [
   3.667,
   51.415
  ],
  [
   3.912,
   51.363
  ],
  [
   3.978,
   51.431
  ],
  [
   4.399,
   51.234
  ],
  [
   4.314,
   51.126
  ],
  [
   4.314,
   51.126
  ],
  [
   4.4,
   51.233
  ],
  [
   4.4,
   51.233
  ],
  [
   2.781,
   51.273
  ],
  [
   2.909,
   51.254
  ],
  [
   4.327,
   51.137
  ],
  [
   2.902,
   51.273
  ],
  [
   2.301,
   51.486
  ],
  [
   2.616,
   51.149
  ],
  [
   2.936,
   51.226
  ]
 ],
 "url": "https://data.icos-cp.eu/objects/mt6XnQnUn-9Sam29tMiWpzF_",
 "temporal": "2021-05-12",
 "sponsor": null,
 "size": 14474689,
 "sdPublisher": null,
 "sdLicense": null,
 "sameAs": null,
 "publication": null,
 "provider": "Ocean Thematic Centre",
 "position": null,
 "name": "11SS_NRT_20201204.csv",
 "measurementTechnique": null,
 "material": null,
 "maintainer": null,
 "locationCreated": "[[[3.490085, 51.4195], [3.859583, 51.341723], [3.98443, 51.407737], [4.129314, 51.38915], [4.406813, 51.249782], [4.143052, 51.39734], [3.980889, 51.450037], [3.733259, 51.412944], [3.198701, 51.500922], [3.000542, 51.602947], [2.800769, 51.647011], [2.299241, 51.499901], [2.565305, 51.110266], [2.896795, 51.226358], [3.490085, 51.4195]]]",
 "issn": null,
 "isPartOf": [],
 "isBasedOn": null,
 "isAccessibleForFree": null,
 "includedInDataCatalog": null,
 "editor": null,
 "editEIDR": null,
 "copyrightYear": null,
 "copyrightNotice": null,
 "copyrightHolder": null,
 "contributor": null,
 "contentReferenceTime": null,
 "contentLocation": null,
 "character": null,
 "acquireLicensePage": null,
 "accessModeSufficient": null,
 "about": null,
 "rights": null,
 "relation": null,
 "qualified_relation": null,
 "qualified_attribution": null,
 "previous_version": null,
 "landing_page": "https://meta.icos-cp.eu/objects/mt6XnQnUn-9Sam29tMiWpzF_",
 "is_referenced_by": null,
 "in_series": null,
 "has_version": null,
 "has_policy": null,
 "has_current_version": null,
 "useConstraints": null,
 "status": null,
 "spatialRepresentationType": null,
 "spatialRepresentationInfo": null,
 "scope": null,
 "responsibleParty": "Vlaams Instituut voor de Zee (Flanders Marine Institute), VLIZ",
 "releasability": null,
 "reference": null,
 "purpose": null,
 "otherLocale": null,
 "metadataProfile": null,
 "metadataLinkage": null,
 "metadataIdentifier": null,
 "MD_LegalConstraints": null,
 "MD_Identification": null,
 "environmentDescription": null,
 "distributor": null,
 "distributionInfo": null,
 "dataQualityInfo": null,
 "contentInfo": null,
 "contact": null
}