{
 "description": null,
 "identifier": "11676/-AOs4yhb_AJYygKs9rxMD1wj",
 "keywords": [
  [
   "ICOS"
  ]
 ],
 "language": null,
 "accessibilitySummary": null,
 "accountablePerson": null,
 "version": null,
 "temporalCoverage": "2021-05-10T23:00:00Z - 2021-05-10T23:00:00Z",
 "publisher": null,
 "spatial": null,
 "license": null,
 "citation": "@misc{https://hdl.handle.net/11676/-AOs4yhb_AJYygKs9rxMD1wj,\r\n  author={Bodson, B., Chopin, H., De Ligne, A., Demoulin, L., Dumont, B., Engelmann, T., Faurès, A., Heinesch, B., Longdoz, B., Manise, T., Piret, A.},\r\n  title={ICOS ETC Bio Meteo Raw ASCII, Lonzee, 2021-05-11},\r\n  year={2021},\r\n  url={https://hdl.handle.net/11676/-AOs4yhb_AJYygKs9rxMD1wj},\r\n  publisher={Lonzee},\r\n  copyright={https://creativecommons.org/licenses/by/4.0/},\r\n  pid={11676/-AOs4yhb_AJYygKs9rxMD1wj}\r\n}",
 "type/genre": "Ecosystem data",
 "creator": null,
 "update/modification_date": null,
 "distribution": null,
 "image": [
  "https://fileshare.icos-cp.eu/s/cEoCM4qb3czNo9j/preview"
 ],
 "thumbnailUrl": null,
 "headline": null,
 "abstract": [],
 "theme/category": "Atmospheric radon time series",
 "dateCreated": null,
 "creditText": null,
 "datePublished": "2021-05-12",
 "producer": null,
 "author": [
  "Bernard Bodson",
  "Henri Chopin",
  "Anne De Ligne",
  "Loïc Demoulin",
  "Benjamin Dumont",
  "Thibaut Engelmann",
  "Ariane Faurès",
  "Bernard Heinesch",
  "Bernard Longdoz",
  "Tanguy Manise",
  "André Piret"
 ],
 "spatialCoverage": [
  11.22235,
  52.08656,
  193.0
 ],
 "url": "https://data.icos-cp.eu/objects/pKuel6sVht5Xn3vhNdbQQFDB",
 "temporal": "2021-05-12",
 "sponsor": null,
 "size": 320035,
 "sdPublisher": null,
 "sdLicense": null,
 "sameAs": null,
 "publication": null,
 "provider": "Lonzee",
 "position": null,
 "name": "BE-Lon_BM_20210511_L02_F18.zip",
 "measurementTechnique": null,
 "material": null,
 "maintainer": null,
 "locationCreated": "[11.22235, 52.08656, 193.0]",
 "issn": null,
 "isPartOf": [],
 "isBasedOn": null,
 "isAccessibleForFree": null,
 "includedInDataCatalog": null,
 "editor": null,
 "editEIDR": null,
 "copyrightYear": null,
 "copyrightNotice": null,
 "copyrightHolder": null,
 "contributor": null,
 "contentReferenceTime": null,
 "contentLocation": null,
 "character": null,
 "acquireLicensePage": null,
 "accessModeSufficient": null,
 "about": null,
 "rights": null,
 "relation": null,
 "qualified_relation": null,
 "qualified_attribution": null,
 "previous_version": null,
 "landing_page": "https://meta.icos-cp.eu/objects/-AOs4yhb_AJYygKs9rxMD1wj",
 "is_referenced_by": null,
 "in_series": null,
 "has_version": null,
 "has_policy": null,
 "has_current_version": null,
 "useConstraints": null,
 "status": null,
 "spatialRepresentationType": null,
 "spatialRepresentationInfo": null,
 "scope": null,
 "responsibleParty": "International Foundation High Altitude Research Stations Jungfraujoch and Gornergrat",
 "releasability": null,
 "reference": null,
 "purpose": null,
 "otherLocale": null,
 "metadataProfile": null,
 "metadataLinkage": null,
 "metadataIdentifier": null,
 "MD_LegalConstraints": null,
 "MD_Identification": null,
 "environmentDescription": null,
 "distributor": null,
 "distributionInfo": null,
 "dataQualityInfo": null,
 "contentInfo": null,
 "contact": null
}