{
 "description": null,
 "identifier": "11676/c7WvbqNRdPZe1UKoowS-laQj",
 "keywords": [
  [
   "ICOS"
  ]
 ],
 "language": null,
 "accessibilitySummary": null,
 "accountablePerson": null,
 "version": null,
 "temporalCoverage": "2021-05-10T23:00:00Z - 2021-05-10T23:00:00Z",
 "publisher": null,
 "spatial": null,
 "license": null,
 "citation": "@misc{https://hdl.handle.net/11676/c7WvbqNRdPZe1UKoowS-laQj,\r\n  author={Bodson, B., Chopin, H., De Ligne, A., Demoulin, L., Dumont, B., Engelmann, T., Faurès, A., Heinesch, B., Longdoz, B., Manise, T., Piret, A.},\r\n  title={ICOS ETC Bio Meteo Raw ASCII, Lonzee, 2021-05-11},\r\n  year={2021},\r\n  url={https://hdl.handle.net/11676/c7WvbqNRdPZe1UKoowS-laQj},\r\n  publisher={Lonzee},\r\n  copyright={https://creativecommons.org/licenses/by/4.0/},\r\n  pid={11676/c7WvbqNRdPZe1UKoowS-laQj}\r\n}",
 "type/genre": "Ecosystem data",
 "creator": null,
 "update/modification_date": null,
 "distribution": null,
 "image": [
  "https://fileshare.icos-cp.eu/s/cEoCM4qb3czNo9j/preview"
 ],
 "thumbnailUrl": null,
 "headline": null,
 "abstract": [],
 "theme/category": "OTC SOOP dataset",
 "dateCreated": null,
 "creditText": null,
 "datePublished": "2021-05-11",
 "producer": null,
 "author": [
  "Bernard Bodson",
  "Henri Chopin",
  "Anne De Ligne",
  "Loïc Demoulin",
  "Benjamin Dumont",
  "Thibaut Engelmann",
  "Ariane Faurès",
  "Bernard Heinesch",
  "Bernard Longdoz",
  "Tanguy Manise",
  "André Piret"
 ],
 "spatialCoverage": [
  3.85043,
  51.11218,
  6.25
 ],
 "url": "https://data.icos-cp.eu/objects/mt6XnQnUn-9Sam29tMiWpzF_",
 "temporal": "2021-05-11",
 "sponsor": null,
 "size": 96834,
 "sdPublisher": null,
 "sdLicense": null,
 "sameAs": null,
 "publication": null,
 "provider": "Lonzee",
 "position": null,
 "name": "BE-Lon_BM_20210511_L04_F20.zip",
 "measurementTechnique": null,
 "material": null,
 "maintainer": null,
 "locationCreated": "[3.85043, 51.11218, 6.25]",
 "issn": null,
 "isPartOf": [],
 "isBasedOn": null,
 "isAccessibleForFree": null,
 "includedInDataCatalog": null,
 "editor": null,
 "editEIDR": null,
 "copyrightYear": null,
 "copyrightNotice": null,
 "copyrightHolder": null,
 "contributor": null,
 "contentReferenceTime": null,
 "contentLocation": null,
 "character": null,
 "acquireLicensePage": null,
 "accessModeSufficient": null,
 "about": null,
 "rights": null,
 "relation": null,
 "qualified_relation": null,
 "qualified_attribution": null,
 "previous_version": null,
 "landing_page": "https://meta.icos-cp.eu/objects/c7WvbqNRdPZe1UKoowS-laQj",
 "is_referenced_by": null,
 "in_series": null,
 "has_version": null,
 "has_policy": null,
 "has_current_version": null,
 "useConstraints": null,
 "status": null,
 "spatialRepresentationType": null,
 "spatialRepresentationInfo": null,
 "scope": null,
 "responsibleParty": "NORCE Norwegian Research Centre AS",
 "releasability": null,
 "reference": null,
 "purpose": null,
 "otherLocale": null,
 "metadataProfile": null,
 "metadataLinkage": null,
 "metadataIdentifier": null,
 "MD_LegalConstraints": null,
 "MD_Identification": null,
 "environmentDescription": null,
 "distributor": null,
 "distributionInfo": null,
 "dataQualityInfo": null,
 "contentInfo": null,
 "contact": null
}