{
 "description": null,
 "identifier": "11676/1Cf-FjFWb_VtHdJ94AoMZ19Y",
 "keywords": [
  [
   "ICOS"
  ]
 ],
 "language": null,
 "accessibilitySummary": null,
 "accountablePerson": null,
 "version": null,
 "temporalCoverage": "2021-05-10T23:00:00Z - 2021-05-10T23:00:00Z",
 "publisher": null,
 "spatial": null,
 "license": null,
 "citation": "@misc{https://hdl.handle.net/11676/1Cf-FjFWb_VtHdJ94AoMZ19Y,\r\n  author={Alivernini, A., Chianucci, F., Conte, A., Fares, S., Ilardi, F., Moretti, V., Sorgi, T.},\r\n  title={ICOS ETC Bio Meteo Raw ASCII, Castelporziano2, 2021-05-11},\r\n  year={2021},\r\n  url={https://hdl.handle.net/11676/1Cf-FjFWb_VtHdJ94AoMZ19Y},\r\n  publisher={Castelporziano2},\r\n  copyright={https://creativecommons.org/licenses/by/4.0/},\r\n  pid={11676/1Cf-FjFWb_VtHdJ94AoMZ19Y}\r\n}",
 "type/genre": "Ecosystem data",
 "creator": null,
 "update/modification_date": null,
 "distribution": null,
 "image": [
  "https://fileshare.icos-cp.eu/s/5CEjYs7TC2exrfQ/preview"
 ],
 "thumbnailUrl": null,
 "headline": null,
 "abstract": [],
 "theme/category": "Atmospheric radon time series",
 "dateCreated": null,
 "creditText": null,
 "datePublished": "2021-05-11",
 "producer": null,
 "author": [
  "Alessandro Alivernini",
  "Francesco Chianucci",
  "Adriano Conte",
  "Silvano Fares",
  "Filippo Ilardi",
  "Valerio Moretti",
  "Tiziano Sorgi"
 ],
 "spatialCoverage": [
  12.35729,
  41.70427,
  19.0
 ],
 "url": "https://data.icos-cp.eu/objects/pKuel6sVht5Xn3vhNdbQQFDB",
 "temporal": "2021-05-11",
 "sponsor": null,
 "size": 390958,
 "sdPublisher": null,
 "sdLicense": null,
 "sameAs": null,
 "publication": null,
 "provider": "Castelporziano2",
 "position": null,
 "name": "IT-Cp2_BM_20210511_L02_F01.dat",
 "measurementTechnique": null,
 "material": null,
 "maintainer": null,
 "locationCreated": "[12.35729, 41.70427, 19.0]",
 "issn": null,
 "isPartOf": [],
 "isBasedOn": null,
 "isAccessibleForFree": null,
 "includedInDataCatalog": null,
 "editor": null,
 "editEIDR": null,
 "copyrightYear": null,
 "copyrightNotice": null,
 "copyrightHolder": null,
 "contributor": null,
 "contentReferenceTime": null,
 "contentLocation": null,
 "character": null,
 "acquireLicensePage": null,
 "accessModeSufficient": null,
 "about": null,
 "rights": null,
 "relation": null,
 "qualified_relation": null,
 "qualified_attribution": null,
 "previous_version": null,
 "landing_page": "https://meta.icos-cp.eu/objects/1Cf-FjFWb_VtHdJ94AoMZ19Y",
 "is_referenced_by": null,
 "in_series": null,
 "has_version": null,
 "has_policy": null,
 "has_current_version": null,
 "useConstraints": null,
 "status": null,
 "spatialRepresentationType": null,
 "spatialRepresentationInfo": null,
 "scope": null,
 "responsibleParty": "Deutscher Wetterdienst, Hohenpeißenberg Meteorological Observatory",
 "releasability": null,
 "reference": null,
 "purpose": null,
 "otherLocale": null,
 "metadataProfile": null,
 "metadataLinkage": null,
 "metadataIdentifier": null,
 "MD_LegalConstraints": null,
 "MD_Identification": null,
 "environmentDescription": null,
 "distributor": null,
 "distributionInfo": null,
 "dataQualityInfo": null,
 "contentInfo": null,
 "contact": null
}