{
 "description": null,
 "identifier": "11676/Zpj7QHd3rK2mlsWSJB8HfwJr",
 "keywords": [
  [
   "ICOS"
  ]
 ],
 "language": null,
 "accessibilitySummary": null,
 "accountablePerson": null,
 "version": null,
 "temporalCoverage": "2021-05-09T23:00:00Z - 2021-05-09T23:00:00Z",
 "publisher": null,
 "spatial": null,
 "license": null,
 "citation": "@misc{https://hdl.handle.net/11676/Zpj7QHd3rK2mlsWSJB8HfwJr,\r\n  author={De Meulder, T., Janssens, I., Lefevre, L., Roland, M., Segers, J., Van Look, J.},\r\n  title={ICOS ETC Eddy Flux Raw ASCII daily archive, Brasschaat, 2021-05-10},\r\n  year={2021},\r\n  url={https://hdl.handle.net/11676/Zpj7QHd3rK2mlsWSJB8HfwJr},\r\n  publisher={Brasschaat},\r\n  copyright={https://creativecommons.org/licenses/by/4.0/},\r\n  pid={11676/Zpj7QHd3rK2mlsWSJB8HfwJr}\r\n}",
 "type/genre": "Ecosystem data",
 "creator": null,
 "update/modification_date": null,
 "distribution": null,
 "image": [
  "https://fileshare.icos-cp.eu/s/E7pmTzGrScBmC5k/preview"
 ],
 "thumbnailUrl": null,
 "headline": null,
 "abstract": [],
 "theme/category": "Atmospheric radon time series",
 "dateCreated": null,
 "creditText": null,
 "datePublished": "2021-05-10",
 "producer": null,
 "author": [
  "Tim De Meulder",
  "Ivan Janssens",
  "Lodewijk Lefevre",
  "Marilyn Roland",
  "Jan Segers",
  "Jasper Van Look"
 ],
 "spatialCoverage": [
  2.780096,
  48.47636,
  103.0
 ],
 "url": "https://data.icos-cp.eu/objects/pKuel6sVht5Xn3vhNdbQQFDB",
 "temporal": "2021-05-10",
 "sponsor": null,
 "size": 122992016,
 "sdPublisher": null,
 "sdLicense": null,
 "sameAs": null,
 "publication": null,
 "provider": "Brasschaat",
 "position": null,
 "name": "BE-Bra_EC_20210510_L01_F09.zip",
 "measurementTechnique": null,
 "material": null,
 "maintainer": null,
 "locationCreated": "[2.780096, 48.47636, 103.0]",
 "issn": null,
 "isPartOf": [],
 "isBasedOn": null,
 "isAccessibleForFree": null,
 "includedInDataCatalog": null,
 "editor": null,
 "editEIDR": null,
 "copyrightYear": null,
 "copyrightNotice": null,
 "copyrightHolder": null,
 "contributor": null,
 "contentReferenceTime": null,
 "contentLocation": null,
 "character": null,
 "acquireLicensePage": null,
 "accessModeSufficient": null,
 "about": null,
 "rights": null,
 "relation": null,
 "qualified_relation": null,
 "qualified_attribution": null,
 "previous_version": null,
 "landing_page": "https://meta.icos-cp.eu/objects/Zpj7QHd3rK2mlsWSJB8HfwJr",
 "is_referenced_by": null,
 "in_series": null,
 "has_version": null,
 "has_policy": null,
 "has_current_version": null,
 "useConstraints": null,
 "status": null,
 "spatialRepresentationType": null,
 "spatialRepresentationInfo": null,
 "scope": null,
 "responsibleParty": "Deutscher Wetterdienst, Hohenpeißenberg Meteorological Observatory",
 "releasability": null,
 "reference": null,
 "purpose": null,
 "otherLocale": null,
 "metadataProfile": null,
 "metadataLinkage": null,
 "metadataIdentifier": null,
 "MD_LegalConstraints": null,
 "MD_Identification": null,
 "environmentDescription": null,
 "distributor": null,
 "distributionInfo": null,
 "dataQualityInfo": null,
 "contentInfo": null,
 "contact": null
}