{
 "description": null,
 "identifier": "11676/zRuXzgHuqAl9XvzdO8tGvzx0",
 "keywords": [
  [
   "ICOS"
  ]
 ],
 "language": null,
 "accessibilitySummary": null,
 "accountablePerson": null,
 "version": null,
 "temporalCoverage": "2021-05-10T23:00:00Z - 2021-05-10T23:00:00Z",
 "publisher": null,
 "spatial": null,
 "license": null,
 "citation": "@misc{https://hdl.handle.net/11676/zRuXzgHuqAl9XvzdO8tGvzx0,\r\n  author={Becker, N., Dolfus, D., Esser, O., Graf, A., Mattes, J., Schmidt, M.},\r\n  title={ICOS ETC Bio Meteo Raw ASCII, Selhausen Juelich, 2021-05-11},\r\n  year={2021},\r\n  url={https://hdl.handle.net/11676/zRuXzgHuqAl9XvzdO8tGvzx0},\r\n  publisher={Selhausen Juelich},\r\n  copyright={https://creativecommons.org/licenses/by/4.0/},\r\n  pid={11676/zRuXzgHuqAl9XvzdO8tGvzx0}\r\n}",
 "type/genre": "Ecosystem data",
 "creator": null,
 "update/modification_date": null,
 "distribution": null,
 "image": [
  "https://fileshare.icos-cp.eu/s/LwjSCyZk97oypCd/preview"
 ],
 "thumbnailUrl": null,
 "headline": null,
 "abstract": [],
 "theme/category": "Atmospheric radon time series",
 "dateCreated": null,
 "creditText": null,
 "datePublished": "2021-05-12",
 "producer": null,
 "author": [
  "Nils Becker",
  "Daniel Dolfus",
  "Odilia Esser",
  "Alexander Graf",
  "Judith Mattes",
  "Marius Schmidt"
 ],
 "spatialCoverage": [
  6.447145,
  50.86591,
  103.2
 ],
 "url": "https://data.icos-cp.eu/objects/03eziIIuYABZAN2DGimlBaCI",
 "temporal": "2021-05-12",
 "sponsor": null,
 "size": 324645,
 "sdPublisher": null,
 "sdLicense": null,
 "sameAs": null,
 "publication": null,
 "provider": "Selhausen Juelich",
 "position": null,
 "name": "DE-RuS_BM_20210511_L05_F01.csv",
 "measurementTechnique": null,
 "material": null,
 "maintainer": null,
 "locationCreated": "[6.447145, 50.86591, 103.2]",
 "issn": null,
 "isPartOf": [],
 "isBasedOn": null,
 "isAccessibleForFree": null,
 "includedInDataCatalog": null,
 "editor": null,
 "editEIDR": null,
 "copyrightYear": null,
 "copyrightNotice": null,
 "copyrightHolder": null,
 "contributor": null,
 "contentReferenceTime": null,
 "contentLocation": null,
 "character": null,
 "acquireLicensePage": null,
 "accessModeSufficient": null,
 "about": null,
 "rights": null,
 "relation": null,
 "qualified_relation": null,
 "qualified_attribution": null,
 "previous_version": null,
 "landing_page": "https://meta.icos-cp.eu/objects/zRuXzgHuqAl9XvzdO8tGvzx0",
 "is_referenced_by": null,
 "in_series": null,
 "has_version": null,
 "has_policy": null,
 "has_current_version": null,
 "useConstraints": null,
 "status": null,
 "spatialRepresentationType": null,
 "spatialRepresentationInfo": null,
 "scope": null,
 "responsibleParty": "International Foundation High Altitude Research Stations Jungfraujoch and Gornergrat",
 "releasability": null,
 "reference": null,
 "purpose": null,
 "otherLocale": null,
 "metadataProfile": null,
 "metadataLinkage": null,
 "metadataIdentifier": null,
 "MD_LegalConstraints": null,
 "MD_Identification": null,
 "environmentDescription": null,
 "distributor": null,
 "distributionInfo": null,
 "dataQualityInfo": null,
 "contentInfo": null,
 "contact": null
}