{
 "description": null,
 "identifier": "11676/t95OAyON75kmBjth3ffJIWLt",
 "keywords": [
  [
   "ICOS"
  ]
 ],
 "language": null,
 "accessibilitySummary": null,
 "accountablePerson": null,
 "version": null,
 "temporalCoverage": "2021-05-11T23:00:00Z - 2021-05-11T23:00:00Z",
 "publisher": null,
 "spatial": null,
 "license": null,
 "citation": "@misc{https://hdl.handle.net/11676/t95OAyON75kmBjth3ffJIWLt,\r\n  author={Friborg, T., Jensen, R., Rasmussen, L.},\r\n  title={ICOS ETC Bio Meteo Raw ASCII, Voulundgaard, 2021-05-12},\r\n  year={2021},\r\n  url={https://hdl.handle.net/11676/t95OAyON75kmBjth3ffJIWLt},\r\n  publisher={Voulundgaard},\r\n  copyright={https://creativecommons.org/licenses/by/4.0/},\r\n  pid={11676/t95OAyON75kmBjth3ffJIWLt}\r\n}",
 "type/genre": "Ecosystem data",
 "creator": null,
 "update/modification_date": null,
 "distribution": null,
 "image": [
  "https://fileshare.icos-cp.eu/s/rqfeS228zxxTfeB/preview"
 ],
 "thumbnailUrl": null,
 "headline": null,
 "abstract": [],
 "theme/category": "Atmospheric radon time series",
 "dateCreated": null,
 "creditText": null,
 "datePublished": "2021-05-11",
 "producer": null,
 "author": [
  "Thomas Friborg",
  "Rasmus Jensen",
  "Lars Rasmussen"
 ],
 "spatialCoverage": [
  9.160709,
  56.03748,
  67.7
 ],
 "url": "https://data.icos-cp.eu/objects/03eziIIuYABZAN2DGimlBaCI",
 "temporal": "2021-05-11",
 "sponsor": null,
 "size": 34,
 "sdPublisher": null,
 "sdLicense": null,
 "sameAs": null,
 "publication": null,
 "provider": "Voulundgaard",
 "position": null,
 "name": "DK-Vng_BM_20210512_L05_F02.csv",
 "measurementTechnique": null,
 "material": null,
 "maintainer": null,
 "locationCreated": "[9.160709, 56.03748, 67.7]",
 "issn": null,
 "isPartOf": [],
 "isBasedOn": null,
 "isAccessibleForFree": null,
 "includedInDataCatalog": null,
 "editor": null,
 "editEIDR": null,
 "copyrightYear": null,
 "copyrightNotice": null,
 "copyrightHolder": null,
 "contributor": null,
 "contentReferenceTime": null,
 "contentLocation": null,
 "character": null,
 "acquireLicensePage": null,
 "accessModeSufficient": null,
 "about": null,
 "rights": null,
 "relation": null,
 "qualified_relation": null,
 "qualified_attribution": null,
 "previous_version": null,
 "landing_page": "https://meta.icos-cp.eu/objects/t95OAyON75kmBjth3ffJIWLt",
 "is_referenced_by": null,
 "in_series": null,
 "has_version": null,
 "has_policy": null,
 "has_current_version": null,
 "useConstraints": null,
 "status": null,
 "spatialRepresentationType": null,
 "spatialRepresentationInfo": null,
 "scope": null,
 "responsibleParty": "International Foundation High Altitude Research Stations Jungfraujoch and Gornergrat",
 "releasability": null,
 "reference": null,
 "purpose": null,
 "otherLocale": null,
 "metadataProfile": null,
 "metadataLinkage": null,
 "metadataIdentifier": null,
 "MD_LegalConstraints": null,
 "MD_Identification": null,
 "environmentDescription": null,
 "distributor": null,
 "distributionInfo": null,
 "dataQualityInfo": null,
 "contentInfo": null,
 "contact": null
}