{
 "description": null,
 "identifier": "11676/Z0V42DhO9U556Y8qzDBpmjv7",
 "keywords": [
  [
   "ICOS"
  ]
 ],
 "language": null,
 "accessibilitySummary": null,
 "accountablePerson": null,
 "version": null,
 "temporalCoverage": "2021-05-10T23:00:00Z - 2021-05-10T23:00:00Z",
 "publisher": null,
 "spatial": null,
 "license": null,
 "citation": "@misc{https://hdl.handle.net/11676/Z0V42DhO9U556Y8qzDBpmjv7,\r\n  author={Dienstbach, L., García Quirós, I., Meis, J., Paasch, S., Rebmann, C., Schmidt, P.},\r\n  title={ICOS ETC Bio Meteo Raw binary, Hohes Holz, 2021-05-11},\r\n  year={2021},\r\n  url={https://hdl.handle.net/11676/Z0V42DhO9U556Y8qzDBpmjv7},\r\n  publisher={Hohes Holz},\r\n  copyright={https://creativecommons.org/licenses/by/4.0/},\r\n  pid={11676/Z0V42DhO9U556Y8qzDBpmjv7}\r\n}",
 "type/genre": "Ecosystem data",
 "creator": null,
 "update/modification_date": null,
 "distribution": null,
 "image": [
  "https://fileshare.icos-cp.eu/s/MiRQy3CBfCm8Zxx/preview"
 ],
 "thumbnailUrl": null,
 "headline": null,
 "abstract": [],
 "theme/category": "Atmospheric radon time series",
 "dateCreated": null,
 "creditText": null,
 "datePublished": "2021-05-11",
 "producer": null,
 "author": [
  "Laura Dienstbach",
  "Inmaculada García Quirós",
  "Julia Meis",
  "Simon Paasch",
  "Corinna Rebmann",
  "Patrick Schmidt"
 ],
 "spatialCoverage": [
  11.22235,
  52.08656,
  193.0
 ],
 "url": "https://data.icos-cp.eu/objects/03eziIIuYABZAN2DGimlBaCI",
 "temporal": "2021-05-11",
 "sponsor": null,
 "size": 207360,
 "sdPublisher": null,
 "sdLicense": null,
 "sameAs": null,
 "publication": null,
 "provider": "Hohes Holz",
 "position": null,
 "name": "DE-HoH_BM_20210511_L15_F01.bin",
 "measurementTechnique": null,
 "material": null,
 "maintainer": null,
 "locationCreated": "[11.22235, 52.08656, 193.0]",
 "issn": null,
 "isPartOf": [],
 "isBasedOn": null,
 "isAccessibleForFree": null,
 "includedInDataCatalog": null,
 "editor": null,
 "editEIDR": null,
 "copyrightYear": null,
 "copyrightNotice": null,
 "copyrightHolder": null,
 "contributor": null,
 "contentReferenceTime": null,
 "contentLocation": null,
 "character": null,
 "acquireLicensePage": null,
 "accessModeSufficient": null,
 "about": null,
 "rights": null,
 "relation": null,
 "qualified_relation": null,
 "qualified_attribution": null,
 "previous_version": null,
 "landing_page": "https://meta.icos-cp.eu/objects/Z0V42DhO9U556Y8qzDBpmjv7",
 "is_referenced_by": null,
 "in_series": null,
 "has_version": null,
 "has_policy": null,
 "has_current_version": null,
 "useConstraints": null,
 "status": null,
 "spatialRepresentationType": null,
 "spatialRepresentationInfo": null,
 "scope": null,
 "responsibleParty": "International Foundation High Altitude Research Stations Jungfraujoch and Gornergrat",
 "releasability": null,
 "reference": null,
 "purpose": null,
 "otherLocale": null,
 "metadataProfile": null,
 "metadataLinkage": null,
 "metadataIdentifier": null,
 "MD_LegalConstraints": null,
 "MD_Identification": null,
 "environmentDescription": null,
 "distributor": null,
 "distributionInfo": null,
 "dataQualityInfo": null,
 "contentInfo": null,
 "contact": null
}