{
 "description": null,
 "identifier": "11676/y4pKDKa6GLbcLow7DnZCCN3E",
 "keywords": [
  [
   "ICOS"
  ]
 ],
 "language": null,
 "accessibilitySummary": null,
 "accountablePerson": null,
 "version": null,
 "temporalCoverage": "2021-05-09T22:00:00Z - 2021-05-09T22:00:00Z",
 "publisher": null,
 "spatial": null,
 "license": null,
 "citation": "@misc{https://hdl.handle.net/11676/y4pKDKa6GLbcLow7DnZCCN3E,\r\n  author={Kolari, P., Korrensalo, A., Laakso, H., Mammarella, I., Matilainen, T., Taipale, R., Tuittila, E., Vesala, T.},\r\n  title={ICOS ETC Bio Meteo Raw ASCII, Siikaneva, 2021-05-10},\r\n  year={2021},\r\n  url={https://hdl.handle.net/11676/y4pKDKa6GLbcLow7DnZCCN3E},\r\n  publisher={Siikaneva},\r\n  copyright={https://creativecommons.org/licenses/by/4.0/},\r\n  pid={11676/y4pKDKa6GLbcLow7DnZCCN3E}\r\n}",
 "type/genre": "Ecosystem data",
 "creator": null,
 "update/modification_date": null,
 "distribution": null,
 "image": [
  "https://fileshare.icos-cp.eu/s/SPYyCeNKxQWoB8Q/preview"
 ],
 "thumbnailUrl": null,
 "headline": null,
 "abstract": [],
 "theme/category": "Atmospheric radon time series",
 "dateCreated": null,
 "creditText": null,
 "datePublished": "2021-05-11",
 "producer": null,
 "author": [
  "Pasi Kolari",
  "Aino Korrensalo",
  "Heikki Laakso",
  "Ivan Mammarella",
  "Teemu Matilainen",
  "Risto Taipale",
  "Eeva-Stiina Tuittila",
  "Timo Vesala"
 ],
 "spatialCoverage": [
  24.19285,
  61.83265,
  160.0
 ],
 "url": "https://data.icos-cp.eu/objects/03eziIIuYABZAN2DGimlBaCI",
 "temporal": "2021-05-11",
 "sponsor": null,
 "size": 200878,
 "sdPublisher": null,
 "sdLicense": null,
 "sameAs": null,
 "publication": null,
 "provider": "Siikaneva",
 "position": null,
 "name": "FI-Sii_BM_20210510_L03_F02.csv",
 "measurementTechnique": null,
 "material": null,
 "maintainer": null,
 "locationCreated": "[24.19285, 61.83265, 160.0]",
 "issn": null,
 "isPartOf": [],
 "isBasedOn": null,
 "isAccessibleForFree": null,
 "includedInDataCatalog": null,
 "editor": null,
 "editEIDR": null,
 "copyrightYear": null,
 "copyrightNotice": null,
 "copyrightHolder": null,
 "contributor": null,
 "contentReferenceTime": null,
 "contentLocation": null,
 "character": null,
 "acquireLicensePage": null,
 "accessModeSufficient": null,
 "about": null,
 "rights": null,
 "relation": null,
 "qualified_relation": null,
 "qualified_attribution": null,
 "previous_version": null,
 "landing_page": "https://meta.icos-cp.eu/objects/y4pKDKa6GLbcLow7DnZCCN3E",
 "is_referenced_by": null,
 "in_series": null,
 "has_version": null,
 "has_policy": null,
 "has_current_version": null,
 "useConstraints": null,
 "status": null,
 "spatialRepresentationType": null,
 "spatialRepresentationInfo": null,
 "scope": null,
 "responsibleParty": "International Foundation High Altitude Research Stations Jungfraujoch and Gornergrat",
 "releasability": null,
 "reference": null,
 "purpose": null,
 "otherLocale": null,
 "metadataProfile": null,
 "metadataLinkage": null,
 "metadataIdentifier": null,
 "MD_LegalConstraints": null,
 "MD_Identification": null,
 "environmentDescription": null,
 "distributor": null,
 "distributionInfo": null,
 "dataQualityInfo": null,
 "contentInfo": null,
 "contact": null
}