{
 "description": null,
 "identifier": "11676/CVL-3U7GP6u9JhqJN-OjD2wb",
 "keywords": [
  [
   "ICOS"
  ]
 ],
 "language": null,
 "accessibilitySummary": null,
 "accountablePerson": null,
 "version": null,
 "temporalCoverage": "2021-05-11T00:02:09Z - 2021-05-11T00:02:09Z",
 "publisher": null,
 "spatial": null,
 "license": null,
 "citation": "@misc{https://hdl.handle.net/11676/CVL-3U7GP6u9JhqJN-OjD2wb,\r\n  author={Skjelvan, I.},\r\n  title={ICOS OTC Raw Data, NO-SOOP-G.O.Sars, 2021-05-11},\r\n  year={2021},\r\n  url={https://hdl.handle.net/11676/CVL-3U7GP6u9JhqJN-OjD2wb},\r\n  publisher={Ocean Thematic Centre},\r\n  copyright={https://creativecommons.org/licenses/by/4.0/},\r\n  pid={11676/CVL-3U7GP6u9JhqJN-OjD2wb}\r\n}",
 "type/genre": "Ocean data",
 "creator": null,
 "update/modification_date": null,
 "distribution": null,
 "image": [],
 "thumbnailUrl": null,
 "headline": null,
 "abstract": [],
 "theme/category": "Atmospheric radon time series",
 "dateCreated": null,
 "creditText": null,
 "datePublished": "2021-05-12",
 "producer": null,
 "author": [
  "Ingunn Skjelvan"
 ],
 "spatialCoverage": [
  [
   [
    5.393312,
    61.94448
   ],
   [
    8.782622,
    63.323233
   ],
   [
    11.024797,
    64.820894
   ],
   [
    14.489523,
    67.39348
   ],
   [
    18.474118,
    69.582492
   ],
   [
    24.263308,
    70.557995
   ],
   [
    31.876264,
    69.94404
   ],
   [
    41.219911,
    72.994279
   ],
   [
    41.041588,
    74.957965
   ],
   [
    40.861192,
    78.307526
   ],
   [
    30.06866,
    78.274233
   ],
   [
    12.476931,
    78.224705
   ],
   [
    1.136358,
    72.568556
   ],
   [
    -1.531106,
    65.024969
   ],
   [
    -1.439185,
    63.097033
   ],
   [
    -1.347265,
    61.169097
   ],
   [
    0.540976,
    60.143269
   ],
   [
    4.977852,
    60.083997
   ],
   [
    5.393312,
    61.94448
   ]
  ]
 ],
 "url": "https://data.icos-cp.eu/objects/03eziIIuYABZAN2DGimlBaCI",
 "temporal": "2021-05-12",
 "sponsor": null,
 "size": 166751,
 "sdPublisher": null,
 "sdLicense": null,
 "sameAs": null,
 "publication": null,
 "provider": "Ocean Thematic Centre",
 "position": null,
 "name": "GO175_2021-131-0001dat.txt",
 "measurementTechnique": null,
 "material": null,
 "maintainer": null,
 "locationCreated": "[[[5.393312, 61.94448], [8.782622, 63.323233], [11.024797, 64.820894], [14.489523, 67.39348], [18.474118, 69.582492], [24.263308, 70.557995], [31.876264, 69.94404], [41.219911, 72.994279], [41.041588, 74.957965], [40.861192, 78.307526], [30.06866, 78.274233], [12.476931, 78.224705], [1.136358, 72.568556], [-1.531106, 65.024969], [-1.439185, 63.097033], [-1.347265, 61.169097], [0.540976, 60.143269], [4.977852, 60.083997], [5.393312, 61.94448]]]",
 "issn": null,
 "isPartOf": [],
 "isBasedOn": null,
 "isAccessibleForFree": null,
 "includedInDataCatalog": null,
 "editor": null,
 "editEIDR": null,
 "copyrightYear": null,
 "copyrightNotice": null,
 "copyrightHolder": null,
 "contributor": null,
 "contentReferenceTime": null,
 "contentLocation": null,
 "character": null,
 "acquireLicensePage": null,
 "accessModeSufficient": null,
 "about": null,
 "rights": null,
 "relation": null,
 "qualified_relation": null,
 "qualified_attribution": null,
 "previous_version": null,
 "landing_page": "https://meta.icos-cp.eu/objects/CVL-3U7GP6u9JhqJN-OjD2wb",
 "is_referenced_by": null,
 "in_series": null,
 "has_version": null,
 "has_policy": null,
 "has_current_version": null,
 "useConstraints": null,
 "status": null,
 "spatialRepresentationType": null,
 "spatialRepresentationInfo": null,
 "scope": null,
 "responsibleParty": "NORCE Norwegian Research Centre AS",
 "releasability": null,
 "reference": null,
 "purpose": null,
 "otherLocale": null,
 "metadataProfile": null,
 "metadataLinkage": null,
 "metadataIdentifier": null,
 "MD_LegalConstraints": null,
 "MD_Identification": null,
 "environmentDescription": null,
 "distributor": null,
 "distributionInfo": null,
 "dataQualityInfo": null,
 "contentInfo": null,
 "contact": null
}