{
 "description": null,
 "identifier": "11676/8HCnAVIxr_CBa6bqmTBE_PpR",
 "keywords": [
  [
   "ICOS"
  ]
 ],
 "language": null,
 "accessibilitySummary": null,
 "accountablePerson": null,
 "version": null,
 "temporalCoverage": "2021-05-06T00:01:17Z - 2021-05-06T00:01:17Z",
 "publisher": null,
 "spatial": null,
 "license": null,
 "citation": "@misc{https://hdl.handle.net/11676/8HCnAVIxr_CBa6bqmTBE_PpR,\r\n  author={Skjelvan, I.},\r\n  title={ICOS OTC SOOP NRT Product, NO-SOOP-G.O.Sars, 2021-05-06–2021-05-12},\r\n  year={2021},\r\n  url={https://hdl.handle.net/11676/8HCnAVIxr_CBa6bqmTBE_PpR},\r\n  publisher={Ocean Thematic Centre},\r\n  copyright={https://creativecommons.org/licenses/by/4.0/},\r\n  pid={11676/8HCnAVIxr_CBa6bqmTBE_PpR}\r\n}",
 "type/genre": "Ocean data",
 "creator": null,
 "update/modification_date": null,
 "distribution": null,
 "image": [],
 "thumbnailUrl": null,
 "headline": null,
 "abstract": [
  "valid for QuinCe versions from 2.0.0"
 ],
 "theme/category": "OTC SOOP dataset",
 "dateCreated": null,
 "creditText": null,
 "datePublished": "2021-05-12",
 "producer": null,
 "author": [
  "Ingunn Skjelvan"
 ],
 "spatialCoverage": [
  [
   2.336,
   62.577
  ],
  [
   2.32,
   62.566
  ],
  [
   2.895,
   62.427
  ],
  [
   2.895,
   62.411
  ],
  [
   3.491,
   63.113
  ],
  [
   3.75,
   63.37
  ],
  [
   3.92,
   63.607
  ],
  [
   4.844,
   64.533
  ],
  [
   5.162,
   64.583
  ],
  [
   5.47,
   64.539
  ],
  [
   5.244,
   64.628
  ],
  [
   4.823,
   64.715
  ],
  [
   5.189,
   64.745
  ],
  [
   4.906,
   64.611
  ],
  [
   6.215,
   64.682
  ],
  [
   6.33,
   64.731
  ],
  [
   6.193,
   63.797
  ],
  [
   7.664,
   63.251
  ],
  [
   7.75,
   63.202
  ],
  [
   7.733,
   63.109
  ]
 ],
 "url": "https://data.icos-cp.eu/objects/8HCnAVIxr_CBa6bqmTBE_PpR",
 "temporal": "2021-05-12",
 "sponsor": null,
 "size": 864532,
 "sdPublisher": null,
 "sdLicense": null,
 "sameAs": null,
 "publication": null,
 "provider": "Ocean Thematic Centre",
 "position": null,
 "name": "58G2_NRT_20210506.csv",
 "measurementTechnique": null,
 "material": null,
 "maintainer": null,
 "locationCreated": "[[[5.393312, 61.94448], [8.782622, 63.323233], [11.024797, 64.820894], [14.489523, 67.39348], [18.474118, 69.582492], [24.263308, 70.557995], [31.876264, 69.94404], [41.219911, 72.994279], [41.041588, 74.957965], [40.861192, 78.307526], [30.06866, 78.274233], [12.476931, 78.224705], [1.136358, 72.568556], [-1.531106, 65.024969], [-1.439185, 63.097033], [-1.347265, 61.169097], [0.540976, 60.143269], [4.977852, 60.083997], [5.393312, 61.94448]]]",
 "issn": null,
 "isPartOf": [],
 "isBasedOn": null,
 "isAccessibleForFree": null,
 "includedInDataCatalog": null,
 "editor": null,
 "editEIDR": null,
 "copyrightYear": null,
 "copyrightNotice": null,
 "copyrightHolder": null,
 "contributor": null,
 "contentReferenceTime": null,
 "contentLocation": null,
 "character": null,
 "acquireLicensePage": null,
 "accessModeSufficient": null,
 "about": null,
 "rights": null,
 "relation": null,
 "qualified_relation": null,
 "qualified_attribution": null,
 "previous_version": null,
 "landing_page": "https://meta.icos-cp.eu/objects/8HCnAVIxr_CBa6bqmTBE_PpR",
 "is_referenced_by": null,
 "in_series": null,
 "has_version": null,
 "has_policy": null,
 "has_current_version": null,
 "useConstraints": null,
 "status": null,
 "spatialRepresentationType": null,
 "spatialRepresentationInfo": null,
 "scope": null,
 "responsibleParty": "NORCE Norwegian Research Centre AS",
 "releasability": null,
 "reference": null,
 "purpose": null,
 "otherLocale": null,
 "metadataProfile": null,
 "metadataLinkage": null,
 "metadataIdentifier": null,
 "MD_LegalConstraints": null,
 "MD_Identification": null,
 "environmentDescription": null,
 "distributor": null,
 "distributionInfo": null,
 "dataQualityInfo": null,
 "contentInfo": null,
 "contact": null
}