{
 "description": null,
 "identifier": "11676/hglLyZBun7JILtVb4GUKqfUP",
 "keywords": [
  [
   "ICOS"
  ]
 ],
 "language": null,
 "accessibilitySummary": null,
 "accountablePerson": null,
 "version": null,
 "temporalCoverage": "2021-05-11T00:00:00Z - 2021-05-11T00:00:00Z",
 "publisher": null,
 "spatial": null,
 "license": null,
 "citation": "@misc{https://hdl.handle.net/11676/hglLyZBun7JILtVb4GUKqfUP,\r\n  author={Ramonet, M., Lopez, M., Kazan, V., Delmotte, M.},\r\n  title={ICOS ATC NRT radon data csv time series, Trainou (180.0 m), 2021-05-11},\r\n  year={2021},\r\n  url={https://hdl.handle.net/11676/hglLyZBun7JILtVb4GUKqfUP},\r\n  publisher={Atmosphere Thematic Centre},\r\n  copyright={https://creativecommons.org/licenses/by/4.0/},\r\n  pid={11676/hglLyZBun7JILtVb4GUKqfUP}\r\n}",
 "type/genre": "Atmospheric data",
 "creator": null,
 "update/modification_date": null,
 "distribution": null,
 "image": [
  "https://meta.icos-cp.eu/files/FC00iUkTvfon6mPrahl0xkWg/TRN_obs_apr2010.jpg",
  "https://meta.icos-cp.eu/files/Q-5CDo5p0oFWeM3gs_1GwCtk/TR3_meteoinlet.JPG"
 ],
 "thumbnailUrl": null,
 "headline": null,
 "abstract": [],
 "theme/category": "Atmospheric radon time series",
 "dateCreated": null,
 "creditText": null,
 "datePublished": "2021-05-12",
 "producer": null,
 "author": [
  "Michel Ramonet",
  "Morgan Lopez",
  "Victor Kazan",
  "Marc Delmotte"
 ],
 "spatialCoverage": [
  2.1125,
  47.9647,
  131.0
 ],
 "url": "https://data.icos-cp.eu/objects/hglLyZBun7JILtVb4GUKqfUP",
 "temporal": "2021-05-12",
 "sponsor": null,
 "size": 1599,
 "sdPublisher": null,
 "sdLicense": null,
 "sameAs": null,
 "publication": null,
 "provider": "Atmosphere Thematic Centre",
 "position": null,
 "name": "ICOS_ATC_NRT_TRN_2021-05-11_2021-05-11_180.0_55_RN.zip",
 "measurementTechnique": null,
 "material": null,
 "maintainer": null,
 "locationCreated": "[2.1125, 47.9647, 131.0]",
 "issn": null,
 "isPartOf": [],
 "isBasedOn": null,
 "isAccessibleForFree": null,
 "includedInDataCatalog": null,
 "editor": null,
 "editEIDR": null,
 "copyrightYear": null,
 "copyrightNotice": null,
 "copyrightHolder": null,
 "contributor": null,
 "contentReferenceTime": null,
 "contentLocation": null,
 "character": null,
 "acquireLicensePage": null,
 "accessModeSufficient": null,
 "about": null,
 "rights": null,
 "relation": null,
 "qualified_relation": null,
 "qualified_attribution": null,
 "previous_version": null,
 "landing_page": "https://meta.icos-cp.eu/objects/hglLyZBun7JILtVb4GUKqfUP",
 "is_referenced_by": null,
 "in_series": null,
 "has_version": null,
 "has_policy": null,
 "has_current_version": null,
 "useConstraints": null,
 "status": null,
 "spatialRepresentationType": null,
 "spatialRepresentationInfo": null,
 "scope": null,
 "responsibleParty": "Laboratoire des Sciences du Climat et de l'Environnement",
 "releasability": null,
 "reference": null,
 "purpose": null,
 "otherLocale": null,
 "metadataProfile": null,
 "metadataLinkage": null,
 "metadataIdentifier": null,
 "MD_LegalConstraints": null,
 "MD_Identification": null,
 "environmentDescription": null,
 "distributor": null,
 "distributionInfo": null,
 "dataQualityInfo": null,
 "contentInfo": null,
 "contact": null
}