{
 "description": null,
 "identifier": "11676/9fQSDgrpRTnlJQWbBEK6gQLh",
 "keywords": [
  [
   "ICOS"
  ]
 ],
 "language": null,
 "accessibilitySummary": null,
 "accountablePerson": null,
 "version": null,
 "temporalCoverage": "2021-05-11T00:00:00Z - 2021-05-11T00:00:00Z",
 "publisher": null,
 "spatial": null,
 "license": null,
 "citation": "@misc{https://hdl.handle.net/11676/9fQSDgrpRTnlJQWbBEK6gQLh,\r\n  author={Heliasz, M., Biermann, T.},\r\n  title={ICOS ATC Meteorological data csv time series, Hyltemossa, 2021-05-11},\r\n  year={2021},\r\n  url={https://hdl.handle.net/11676/9fQSDgrpRTnlJQWbBEK6gQLh},\r\n  publisher={Atmosphere Thematic Centre},\r\n  copyright={https://creativecommons.org/licenses/by/4.0/},\r\n  pid={11676/9fQSDgrpRTnlJQWbBEK6gQLh}\r\n}",
 "type/genre": "Atmospheric data",
 "creator": null,
 "update/modification_date": null,
 "distribution": null,
 "image": [
  "https://meta.icos-cp.eu/files/655_ISiY9jPRX2HHmCEW1_ux/Hyltemossa%202.JPG"
 ],
 "thumbnailUrl": null,
 "headline": null,
 "abstract": [],
 "theme/category": "Atmospheric radon time series",
 "dateCreated": null,
 "creditText": null,
 "datePublished": "2021-05-12",
 "producer": null,
 "author": [
  "Michal Heliasz",
  "Tobias Biermann"
 ],
 "spatialCoverage": [
  13.4189,
  56.0976,
  115.0
 ],
 "url": "https://data.icos-cp.eu/objects/hglLyZBun7JILtVb4GUKqfUP",
 "temporal": "2021-05-12",
 "sponsor": null,
 "size": 18524,
 "sdPublisher": null,
 "sdLicense": null,
 "sameAs": null,
 "publication": null,
 "provider": "Atmosphere Thematic Centre",
 "position": null,
 "name": "HTM_613_2_20210511.zip",
 "measurementTechnique": null,
 "material": null,
 "maintainer": null,
 "locationCreated": "[13.4189, 56.0976, 115.0]",
 "issn": null,
 "isPartOf": [],
 "isBasedOn": null,
 "isAccessibleForFree": null,
 "includedInDataCatalog": null,
 "editor": null,
 "editEIDR": null,
 "copyrightYear": null,
 "copyrightNotice": null,
 "copyrightHolder": null,
 "contributor": null,
 "contentReferenceTime": null,
 "contentLocation": null,
 "character": null,
 "acquireLicensePage": null,
 "accessModeSufficient": null,
 "about": null,
 "rights": null,
 "relation": null,
 "qualified_relation": null,
 "qualified_attribution": null,
 "previous_version": null,
 "landing_page": "https://meta.icos-cp.eu/objects/9fQSDgrpRTnlJQWbBEK6gQLh",
 "is_referenced_by": null,
 "in_series": null,
 "has_version": null,
 "has_policy": null,
 "has_current_version": null,
 "useConstraints": null,
 "status": null,
 "spatialRepresentationType": null,
 "spatialRepresentationInfo": null,
 "scope": null,
 "responsibleParty": "Centre for Environmental and Climate Research, Lund University",
 "releasability": null,
 "reference": null,
 "purpose": null,
 "otherLocale": null,
 "metadataProfile": null,
 "metadataLinkage": null,
 "metadataIdentifier": null,
 "MD_LegalConstraints": null,
 "MD_Identification": null,
 "environmentDescription": null,
 "distributor": null,
 "distributionInfo": null,
 "dataQualityInfo": null,
 "contentInfo": null,
 "contact": null
}