{
 "description": null,
 "identifier": "11676/rus8bilTe_STyu3dGEPxtTpk",
 "keywords": [
  [
   "meteo"
  ],
  [
   "ICOS"
  ]
 ],
 "language": null,
 "accessibilitySummary": null,
 "accountablePerson": null,
 "version": null,
 "temporalCoverage": "2020-06-01T00:00:00Z - 2020-06-01T00:00:00Z",
 "publisher": null,
 "spatial": null,
 "license": null,
 "citation": "@misc{https://hdl.handle.net/11676/rus8bilTe_STyu3dGEPxtTpk,\r\n  author={Kubistin, D., Plaß-Dülmer, C., Lindauer, M., Müller-Williams, J.},\r\n  title={ICOS ATC NRT Meteo growing time series, Steinkimmen (127.0 m), 2020-06-01–2021-05-11},\r\n  year={2021},\r\n  url={https://hdl.handle.net/11676/rus8bilTe_STyu3dGEPxtTpk},\r\n  publisher={Atmosphere Thematic Centre},\r\n  copyright={https://creativecommons.org/licenses/by/4.0/},\r\n  pid={11676/rus8bilTe_STyu3dGEPxtTpk}\r\n}",
 "type/genre": "Atmospheric data",
 "creator": null,
 "update/modification_date": null,
 "distribution": null,
 "image": [
  "https://meta.icos-cp.eu/files/_XhEjOwR2Xr6EhUzR-9nSDxR/Steinkimmen%20285m%20Mast%20NDR_2.jpg"
 ],
 "thumbnailUrl": null,
 "headline": null,
 "abstract": [
  "Automatically-produced, daily-growing (by data object deprecation) meteo data. The data starts from the last respective L2 release."
 ],
 "theme/category": "Atmospheric meteo time series",
 "dateCreated": null,
 "creditText": null,
 "datePublished": "2021-05-12",
 "producer": null,
 "author": [
  "Dagmar Kubistin",
  "Christian Plaß-Dülmer",
  "Matthias Lindauer",
  "Jennifer Müller-Williams"
 ],
 "spatialCoverage": [
  8.4588,
  53.0431,
  29.0
 ],
 "url": "https://data.icos-cp.eu/objects/rus8bilTe_STyu3dGEPxtTpk",
 "temporal": "2021-05-12",
 "sponsor": null,
 "size": 279760,
 "sdPublisher": null,
 "sdLicense": null,
 "sameAs": null,
 "publication": null,
 "provider": "Atmosphere Thematic Centre",
 "position": null,
 "name": "ICOS_ATC_NRT_STE_2020-06-01_2021-05-11_127.0_833_MTO.zip",
 "measurementTechnique": "CO2-CH4-CO-H2O Picarro Analyzer",
 "material": null,
 "maintainer": null,
 "locationCreated": "[8.4588, 53.0431, 29.0]",
 "issn": null,
 "isPartOf": [],
 "isBasedOn": null,
 "isAccessibleForFree": null,
 "includedInDataCatalog": null,
 "editor": null,
 "editEIDR": null,
 "copyrightYear": null,
 "copyrightNotice": null,
 "copyrightHolder": null,
 "contributor": null,
 "contentReferenceTime": null,
 "contentLocation": null,
 "character": null,
 "acquireLicensePage": null,
 "accessModeSufficient": null,
 "about": null,
 "rights": null,
 "relation": null,
 "qualified_relation": null,
 "qualified_attribution": null,
 "previous_version": null,
 "landing_page": "https://meta.icos-cp.eu/objects/rus8bilTe_STyu3dGEPxtTpk",
 "is_referenced_by": null,
 "in_series": null,
 "has_version": null,
 "has_policy": null,
 "has_current_version": null,
 "useConstraints": null,
 "status": null,
 "spatialRepresentationType": null,
 "spatialRepresentationInfo": null,
 "scope": null,
 "responsibleParty": "Deutscher Wetterdienst, Hohenpeißenberg Meteorological Observatory",
 "releasability": null,
 "reference": null,
 "purpose": null,
 "otherLocale": null,
 "metadataProfile": null,
 "metadataLinkage": null,
 "metadataIdentifier": null,
 "MD_LegalConstraints": null,
 "MD_Identification": null,
 "environmentDescription": null,
 "distributor": null,
 "distributionInfo": null,
 "dataQualityInfo": null,
 "contentInfo": null,
 "contact": null
}