{
 "description": "N/A",
 "identifier": "11676/mt6XnQnUn-9Sam29tMiWpzF_",
 "keywords": [
  "ICOS"
 ],
 "language": "N/A",
 "accessibilitySummary": "N/A",
 "accountablePerson": "N/A",
 "version": "N/A",
 "temporalCoverage": "2020-12-04T00:01:00.422Z - 2020-12-04T00:01:00.422Z",
 "publisher": "N/A",
 "spatial": "N/A",
 "longitude": [
  2.936,
  51.226
 ],
 "latitude": [
  2.695,
  51.193
 ],
 "license": "N/A",
 "citation": "@misc{https://hdl.handle.net/11676/mt6XnQnUn-9Sam29tMiWpzF_,\r\n  author={Gkritzalis, T.},\r\n  title={ICOS OTC SOOP NRT Product, BE-SOOP-Simon-Stevin, 2020-12-04–2021-05-11},\r\n  year={2021},\r\n  url={https://hdl.handle.net/11676/mt6XnQnUn-9Sam29tMiWpzF_},\r\n  publisher={Ocean Thematic Centre},\r\n  copyright={https://creativecommons.org/licenses/by/4.0/},\r\n  pid={11676/mt6XnQnUn-9Sam29tMiWpzF_}\r\n}",
 "genre": "Ocean data",
 "creator": "N/A",
 "modification_date": "N/A",
 "distribution": "N/A",
 "image": [],
 "thumbnailUrl": "N/A",
 "headline": "N/A",
 "abstract": [
  "valid for QuinCe versions from 2.0.0"
 ],
 "category": "OTC SOOP dataset",
 "dateCreated": "2021-05-12",
 "creditText": "N/A",
 "datePublished": "2021-05-12",
 "producer": "N/A",
 "author": [
  "Thanos Gkritzalis"
 ],
 "spatialCoverage": [
  [
   2.936,
   51.226
  ],
  [
   2.695,
   51.193
  ]
 ],
 "url": "https://data.icos-cp.eu/objects/mt6XnQnUn-9Sam29tMiWpzF_",
 "temporal": "2021-05-12",
 "sponsor": "N/A",
 "size": 14474689,
 "sdPublisher": "N/A",
 "sdLicense": "N/A",
 "sameAs": "N/A",
 "publication": "N/A",
 "provider": "Ocean Thematic Centre",
 "position": "N/A",
 "name": "11SS_NRT_20201204.csv",
 "measurementTechnique": "N/A",
 "material": "N/A",
 "maintainer": "N/A",
 "locationCreated": "[[[3.490085, 51.4195], [3.859583, 51.341723], [3.98443, 51.407737], [4.129314, 51.38915], [4.406813, 51.249782], [4.143052, 51.39734], [3.980889, 51.450037], [3.733259, 51.412944], [3.198701, 51.500922], [3.000542, 51.602947], [2.800769, 51.647011], [2.299241, 51.499901], [2.565305, 51.110266], [2.896795, 51.226358], [3.490085, 51.4195]]]",
 "issn": "N/A",
 "isPartOf": [],
 "isBasedOn": "N/A",
 "isAccessibleForFree": "N/A",
 "includedInDataCatalog": "N/A",
 "editor": "N/A",
 "editEIDR": "N/A",
 "copyrightYear": "N/A",
 "copyrightNotice": "N/A",
 "copyrightHolder": "N/A",
 "contributor": "N/A",
 "contentReferenceTime": "N/A",
 "contentLocation": "N/A",
 "character": "N/A",
 "acquireLicensePage": "N/A",
 "accessModeSufficient": "N/A",
 "about": "N/A",
 "rights": "N/A",
 "relation": "N/A",
 "qualified_relation": "N/A",
 "qualified_attribution": "N/A",
 "previous_version": "N/A",
 "landing_page": "https://meta.icos-cp.eu/objects/mt6XnQnUn-9Sam29tMiWpzF_",
 "is_referenced_by": "N/A",
 "in_series": "N/A",
 "has_version": "N/A",
 "has_policy": "N/A",
 "has_current_version": "N/A",
 "useConstraints": "N/A",
 "status": "N/A",
 "spatialRepresentationType": "N/A",
 "spatialRepresentationInfo": "N/A",
 "scope": "N/A",
 "responsibleParty": "Vlaams Instituut voor de Zee (Flanders Marine Institute), VLIZ",
 "releasability": "N/A",
 "reference": "N/A",
 "purpose": "N/A",
 "otherLocale": "N/A",
 "metadataProfile": "N/A",
 "metadataLinkage": "N/A",
 "metadataIdentifier": "N/A",
 "MD_LegalConstraints": "N/A",
 "MD_Identification": "N/A",
 "environmentDescription": "N/A",
 "distributor": "ICOS",
 "distributionInfo": "N/A",
 "dataQualityInfo": "N/A",
 "contentInfo": "N/A",
 "contact": "N/A"
}