{
 "description": null,
 "identifier": "11676/FvYE6Qwf5HP5milZF3iOACPt",
 "keywords": [
  "ICOS"
 ],
 "language": null,
 "accessibilitySummary": null,
 "accountablePerson": null,
 "version": null,
 "temporalCoverage": "2021-05-09T23:00:00Z - 2021-05-09T23:00:00Z",
 "publisher": null,
 "spatial": null,
 "license": null,
 "citation": "@misc{https://hdl.handle.net/11676/FvYE6Qwf5HP5milZF3iOACPt,\r\n  author={De Meulder, T., Janssens, I., Lefevre, L., Roland, M., Segers, J., Van Look, J.},\r\n  title={ICOS ETC Bio Meteo Raw ASCII, Brasschaat, 2021-05-10},\r\n  year={2021},\r\n  url={https://hdl.handle.net/11676/FvYE6Qwf5HP5milZF3iOACPt},\r\n  publisher={Brasschaat},\r\n  copyright={https://creativecommons.org/licenses/by/4.0/},\r\n  pid={11676/FvYE6Qwf5HP5milZF3iOACPt}\r\n}",
 "type/genre": "Ecosystem data",
 "creator": null,
 "update/modification_date": null,
 "distribution": null,
 "image": [
  "https://fileshare.icos-cp.eu/s/E7pmTzGrScBmC5k/preview"
 ],
 "thumbnailUrl": null,
 "headline": null,
 "abstract": [],
 "theme/category": "OTC SOOP dataset",
 "dateCreated": null,
 "creditText": null,
 "datePublished": "2021-05-10",
 "producer": null,
 "author": [
  "Tim De Meulder",
  "Ivan Janssens",
  "Lodewijk Lefevre",
  "Marilyn Roland",
  "Jan Segers",
  "Jasper Van Look"
 ],
 "spatialCoverage": [
  5.631851,
  50.97987,
  87.0
 ],
 "url": "https://data.icos-cp.eu/objects/mt6XnQnUn-9Sam29tMiWpzF_",
 "temporal": "2021-05-10",
 "sponsor": null,
 "size": 207712,
 "sdPublisher": null,
 "sdLicense": null,
 "sameAs": null,
 "publication": null,
 "provider": "Brasschaat",
 "position": null,
 "name": "BE-Bra_BM_20210510_L14_F01.zip",
 "measurementTechnique": null,
 "material": null,
 "maintainer": null,
 "locationCreated": "[5.631851, 50.97987, 87.0]",
 "issn": null,
 "isPartOf": [],
 "isBasedOn": null,
 "isAccessibleForFree": null,
 "includedInDataCatalog": null,
 "editor": null,
 "editEIDR": null,
 "copyrightYear": null,
 "copyrightNotice": null,
 "copyrightHolder": null,
 "contributor": null,
 "contentReferenceTime": null,
 "contentLocation": null,
 "character": null,
 "acquireLicensePage": null,
 "accessModeSufficient": null,
 "about": null,
 "rights": null,
 "relation": null,
 "qualified_relation": null,
 "qualified_attribution": null,
 "previous_version": null,
 "landing_page": "https://meta.icos-cp.eu/objects/FvYE6Qwf5HP5milZF3iOACPt",
 "is_referenced_by": null,
 "in_series": null,
 "has_version": null,
 "has_policy": null,
 "has_current_version": null,
 "useConstraints": null,
 "status": null,
 "spatialRepresentationType": null,
 "spatialRepresentationInfo": null,
 "scope": null,
 "responsibleParty": "NORCE Norwegian Research Centre AS",
 "releasability": null,
 "reference": null,
 "purpose": null,
 "otherLocale": null,
 "metadataProfile": null,
 "metadataLinkage": null,
 "metadataIdentifier": null,
 "MD_LegalConstraints": null,
 "MD_Identification": null,
 "environmentDescription": null,
 "distributor": "ICOS",
 "distributionInfo": null,
 "dataQualityInfo": null,
 "contentInfo": null,
 "contact": null
}