{
 "description": null,
 "identifier": "11676/M16_35GYj7z2mxpNvuiTmnH0",
 "keywords": [
  "ICOS"
 ],
 "language": null,
 "accessibilitySummary": null,
 "accountablePerson": null,
 "version": null,
 "temporalCoverage": "2021-05-05T23:00:00Z - 2021-05-05T23:00:00Z",
 "publisher": null,
 "spatial": null,
 "license": null,
 "citation": "@misc{https://hdl.handle.net/11676/M16_35GYj7z2mxpNvuiTmnH0,\r\n  author={Båth, A., Holst, J., Lehner, I., Mölder, M.},\r\n  title={ICOS ETC Sonic anemometer heating status, Norunda, 2021-05-06},\r\n  year={2021},\r\n  url={https://hdl.handle.net/11676/M16_35GYj7z2mxpNvuiTmnH0},\r\n  publisher={Norunda},\r\n  copyright={https://creativecommons.org/licenses/by/4.0/},\r\n  pid={11676/M16_35GYj7z2mxpNvuiTmnH0}\r\n}",
 "type/genre": "Ecosystem data",
 "creator": null,
 "update/modification_date": null,
 "distribution": null,
 "image": [
  "https://fileshare.icos-cp.eu/s/29Bpr8yw5wWxoLA/preview"
 ],
 "thumbnailUrl": null,
 "headline": null,
 "abstract": [],
 "theme/category": "Atmospheric radon time series",
 "dateCreated": null,
 "creditText": null,
 "datePublished": "2021-05-07",
 "producer": null,
 "author": [
  "Anders Båth",
  "Jutta Holst",
  "Irene Lehner",
  "Meelis Mölder"
 ],
 "spatialCoverage": [
  17.4795,
  60.0865,
  45.0
 ],
 "url": "https://data.icos-cp.eu/objects/pKuel6sVht5Xn3vhNdbQQFDB",
 "temporal": "2021-05-07",
 "sponsor": null,
 "size": 43200,
 "sdPublisher": null,
 "sdLicense": null,
 "sameAs": null,
 "publication": null,
 "provider": "Norunda",
 "position": null,
 "name": "SE-Nor_SAHEAT_20210506_L06_F02.csv",
 "measurementTechnique": null,
 "material": null,
 "maintainer": null,
 "locationCreated": "[17.4795, 60.0865, 45.0]",
 "issn": null,
 "isPartOf": [],
 "isBasedOn": null,
 "isAccessibleForFree": null,
 "includedInDataCatalog": null,
 "editor": null,
 "editEIDR": null,
 "copyrightYear": null,
 "copyrightNotice": null,
 "copyrightHolder": null,
 "contributor": null,
 "contentReferenceTime": null,
 "contentLocation": null,
 "character": null,
 "acquireLicensePage": null,
 "accessModeSufficient": null,
 "about": null,
 "rights": null,
 "relation": null,
 "qualified_relation": null,
 "qualified_attribution": null,
 "previous_version": null,
 "landing_page": "https://meta.icos-cp.eu/objects/M16_35GYj7z2mxpNvuiTmnH0",
 "is_referenced_by": null,
 "in_series": null,
 "has_version": null,
 "has_policy": null,
 "has_current_version": null,
 "useConstraints": null,
 "status": null,
 "spatialRepresentationType": null,
 "spatialRepresentationInfo": null,
 "scope": null,
 "responsibleParty": "International Foundation High Altitude Research Stations Jungfraujoch and Gornergrat",
 "releasability": null,
 "reference": null,
 "purpose": null,
 "otherLocale": null,
 "metadataProfile": null,
 "metadataLinkage": null,
 "metadataIdentifier": null,
 "MD_LegalConstraints": null,
 "MD_Identification": null,
 "environmentDescription": null,
 "distributor": "ICOS",
 "distributionInfo": null,
 "dataQualityInfo": null,
 "contentInfo": null,
 "contact": null
}