{
 "description": null,
 "identifier": "11676/hoRYb8mWr3yGL0LRUKFY4TAZ",
 "keywords": [
  "ICOS"
 ],
 "language": null,
 "accessibilitySummary": null,
 "accountablePerson": null,
 "version": null,
 "temporalCoverage": "2021-05-10T23:00:00Z - 2021-05-10T23:00:00Z",
 "publisher": null,
 "spatial": null,
 "license": null,
 "citation": "@misc{https://hdl.handle.net/11676/hoRYb8mWr3yGL0LRUKFY4TAZ,\r\n  author={Czerný, R., Darenová, E., Fischer, M., Foltýnová, L., Jocher, G., Kowalska, N., Krejza, J., Marek, M., Nezval, O., Pavelka, M., Staník, K., Trusina, J., Šigut, L., Šlížek, J.},\r\n  title={ICOS ETC Eddy Flux Raw ASCII daily archive, Bily Kriz forest, 2021-05-11},\r\n  year={2021},\r\n  url={https://hdl.handle.net/11676/hoRYb8mWr3yGL0LRUKFY4TAZ},\r\n  publisher={Bily Kriz forest},\r\n  copyright={https://creativecommons.org/licenses/by/4.0/},\r\n  pid={11676/hoRYb8mWr3yGL0LRUKFY4TAZ}\r\n}",
 "type/genre": "Ecosystem data",
 "creator": null,
 "update/modification_date": null,
 "distribution": null,
 "image": [],
 "thumbnailUrl": null,
 "headline": null,
 "abstract": [],
 "theme/category": "Atmospheric radon time series",
 "dateCreated": null,
 "creditText": null,
 "datePublished": "2021-05-11",
 "producer": null,
 "author": [
  "Radek Czerný",
  "Eva Darenová",
  "Milan Fischer",
  "Lenka Foltýnová",
  "Georg Jocher",
  "Natalia Kowalska",
  "Jan Krejza",
  "Michal Marek",
  "Ondrej Nezval",
  "Marian Pavelka",
  "Karel Staník",
  "Jan Trusina",
  "Ladislav Šigut",
  "Jirí Šlížek"
 ],
 "spatialCoverage": [
  18.53688,
  49.50208,
  875.0
 ],
 "url": "https://data.icos-cp.eu/objects/pKuel6sVht5Xn3vhNdbQQFDB",
 "temporal": "2021-05-11",
 "sponsor": null,
 "size": 128838123,
 "sdPublisher": null,
 "sdLicense": null,
 "sameAs": null,
 "publication": null,
 "provider": "Bily Kriz forest",
 "position": null,
 "name": "CZ-BK1_EC_20210511_L01_F01.zip",
 "measurementTechnique": null,
 "material": null,
 "maintainer": null,
 "locationCreated": "[18.53688, 49.50208, 875.0]",
 "issn": null,
 "isPartOf": [],
 "isBasedOn": null,
 "isAccessibleForFree": null,
 "includedInDataCatalog": null,
 "editor": null,
 "editEIDR": null,
 "copyrightYear": null,
 "copyrightNotice": null,
 "copyrightHolder": null,
 "contributor": null,
 "contentReferenceTime": null,
 "contentLocation": null,
 "character": null,
 "acquireLicensePage": null,
 "accessModeSufficient": null,
 "about": null,
 "rights": null,
 "relation": null,
 "qualified_relation": null,
 "qualified_attribution": null,
 "previous_version": null,
 "landing_page": "https://meta.icos-cp.eu/objects/hoRYb8mWr3yGL0LRUKFY4TAZ",
 "is_referenced_by": null,
 "in_series": null,
 "has_version": null,
 "has_policy": null,
 "has_current_version": null,
 "useConstraints": null,
 "status": null,
 "spatialRepresentationType": null,
 "spatialRepresentationInfo": null,
 "scope": null,
 "responsibleParty": "International Foundation High Altitude Research Stations Jungfraujoch and Gornergrat",
 "releasability": null,
 "reference": null,
 "purpose": null,
 "otherLocale": null,
 "metadataProfile": null,
 "metadataLinkage": null,
 "metadataIdentifier": null,
 "MD_LegalConstraints": null,
 "MD_Identification": null,
 "environmentDescription": null,
 "distributor": "ICOS",
 "distributionInfo": null,
 "dataQualityInfo": null,
 "contentInfo": null,
 "contact": null
}