{
 "description": null,
 "identifier": "11676/NuLXOrMUlK1_Khf7Xo3XM1Ns",
 "keywords": [
  "ICOS"
 ],
 "language": null,
 "accessibilitySummary": null,
 "accountablePerson": null,
 "version": null,
 "temporalCoverage": "2021-05-09T23:00:00Z - 2021-05-09T23:00:00Z",
 "publisher": null,
 "spatial": null,
 "license": null,
 "citation": "@misc{https://hdl.handle.net/11676/NuLXOrMUlK1_Khf7Xo3XM1Ns,\r\n  author={Biermann, T., Heliasz, M., Holst, J., Holst, T., Linderson, M., Mölder, M., Rinne, J.},\r\n  title={ICOS ETC Bio Meteo Raw ASCII, Hyltemossa, 2021-05-10},\r\n  year={2021},\r\n  url={https://hdl.handle.net/11676/NuLXOrMUlK1_Khf7Xo3XM1Ns},\r\n  publisher={Hyltemossa},\r\n  copyright={https://creativecommons.org/licenses/by/4.0/},\r\n  pid={11676/NuLXOrMUlK1_Khf7Xo3XM1Ns}\r\n}",
 "type/genre": "Ecosystem data",
 "creator": null,
 "update/modification_date": null,
 "distribution": null,
 "image": [
  "https://fileshare.icos-cp.eu/s/qnPLYMGQYLJW5JR/preview"
 ],
 "thumbnailUrl": null,
 "headline": null,
 "abstract": [],
 "theme/category": "Atmospheric radon time series",
 "dateCreated": null,
 "creditText": null,
 "datePublished": "2021-05-11",
 "producer": null,
 "author": [
  "Tobias Biermann",
  "Michal Heliasz",
  "Jutta Holst",
  "Thomas Holst",
  "Maj-Lena Linderson",
  "Meelis Mölder",
  "Janne Rinne"
 ],
 "spatialCoverage": [
  13.41897,
  56.09763,
  115.0
 ],
 "url": "https://data.icos-cp.eu/objects/pKuel6sVht5Xn3vhNdbQQFDB",
 "temporal": "2021-05-11",
 "sponsor": null,
 "size": 1124757,
 "sdPublisher": null,
 "sdLicense": null,
 "sameAs": null,
 "publication": null,
 "provider": "Hyltemossa",
 "position": null,
 "name": "SE-Htm_BM_20210510_L07_F02.dat",
 "measurementTechnique": null,
 "material": null,
 "maintainer": null,
 "locationCreated": "[13.41897, 56.09763, 115.0]",
 "issn": null,
 "isPartOf": [],
 "isBasedOn": null,
 "isAccessibleForFree": null,
 "includedInDataCatalog": null,
 "editor": null,
 "editEIDR": null,
 "copyrightYear": null,
 "copyrightNotice": null,
 "copyrightHolder": null,
 "contributor": null,
 "contentReferenceTime": null,
 "contentLocation": null,
 "character": null,
 "acquireLicensePage": null,
 "accessModeSufficient": null,
 "about": null,
 "rights": null,
 "relation": null,
 "qualified_relation": null,
 "qualified_attribution": null,
 "previous_version": null,
 "landing_page": "https://meta.icos-cp.eu/objects/NuLXOrMUlK1_Khf7Xo3XM1Ns",
 "is_referenced_by": null,
 "in_series": null,
 "has_version": null,
 "has_policy": null,
 "has_current_version": null,
 "useConstraints": null,
 "status": null,
 "spatialRepresentationType": null,
 "spatialRepresentationInfo": null,
 "scope": null,
 "responsibleParty": "International Foundation High Altitude Research Stations Jungfraujoch and Gornergrat",
 "releasability": null,
 "reference": null,
 "purpose": null,
 "otherLocale": null,
 "metadataProfile": null,
 "metadataLinkage": null,
 "metadataIdentifier": null,
 "MD_LegalConstraints": null,
 "MD_Identification": null,
 "environmentDescription": null,
 "distributor": "ICOS",
 "distributionInfo": null,
 "dataQualityInfo": null,
 "contentInfo": null,
 "contact": null
}