{
 "description": null,
 "identifier": "11676/EutEqeP8dKgiKJSUMwTCBZux",
 "keywords": [
  "ICOS"
 ],
 "language": null,
 "accessibilitySummary": null,
 "accountablePerson": null,
 "version": null,
 "temporalCoverage": "2021-05-10T23:00:00Z - 2021-05-10T23:00:00Z",
 "publisher": null,
 "spatial": null,
 "license": null,
 "citation": "@misc{https://hdl.handle.net/11676/EutEqeP8dKgiKJSUMwTCBZux,\r\n  author={Chebbi, W., Chopin, H., Demoulin, L., Engelmann, T., Faurès, A., Heinesch, B., Manise, T., Piret, A., Vincke, C.},\r\n  title={ICOS ETC Bio Meteo Raw ASCII, Vielsalm, 2021-05-11},\r\n  year={2021},\r\n  url={https://hdl.handle.net/11676/EutEqeP8dKgiKJSUMwTCBZux},\r\n  publisher={Vielsalm},\r\n  copyright={https://creativecommons.org/licenses/by/4.0/},\r\n  pid={11676/EutEqeP8dKgiKJSUMwTCBZux}\r\n}",
 "type/genre": "Ecosystem data",
 "creator": null,
 "update/modification_date": null,
 "distribution": null,
 "image": [
  "https://fileshare.icos-cp.eu/s/gNALZjLwze5sdjq/preview"
 ],
 "thumbnailUrl": null,
 "headline": null,
 "abstract": [],
 "theme/category": "Atmospheric radon time series",
 "dateCreated": null,
 "creditText": null,
 "datePublished": "2021-05-12",
 "producer": null,
 "author": [
  "Wafa Chebbi",
  "Henri Chopin",
  "Loïc Demoulin",
  "Thibaut Engelmann",
  "Ariane Faurès",
  "Bernard Heinesch",
  "Tanguy Manise",
  "André Piret",
  "Caroline Vincke"
 ],
 "spatialCoverage": [
  5.998099,
  50.30496,
  490.0
 ],
 "url": "https://data.icos-cp.eu/objects/pKuel6sVht5Xn3vhNdbQQFDB",
 "temporal": "2021-05-12",
 "sponsor": null,
 "size": 213808,
 "sdPublisher": null,
 "sdLicense": null,
 "sameAs": null,
 "publication": null,
 "provider": "Vielsalm",
 "position": null,
 "name": "BE-Vie_BM_20210511_L01_F01.zip",
 "measurementTechnique": null,
 "material": null,
 "maintainer": null,
 "locationCreated": "[5.998099, 50.30496, 490.0]",
 "issn": null,
 "isPartOf": [],
 "isBasedOn": null,
 "isAccessibleForFree": null,
 "includedInDataCatalog": null,
 "editor": null,
 "editEIDR": null,
 "copyrightYear": null,
 "copyrightNotice": null,
 "copyrightHolder": null,
 "contributor": null,
 "contentReferenceTime": null,
 "contentLocation": null,
 "character": null,
 "acquireLicensePage": null,
 "accessModeSufficient": null,
 "about": null,
 "rights": null,
 "relation": null,
 "qualified_relation": null,
 "qualified_attribution": null,
 "previous_version": null,
 "landing_page": "https://meta.icos-cp.eu/objects/EutEqeP8dKgiKJSUMwTCBZux",
 "is_referenced_by": null,
 "in_series": null,
 "has_version": null,
 "has_policy": null,
 "has_current_version": null,
 "useConstraints": null,
 "status": null,
 "spatialRepresentationType": null,
 "spatialRepresentationInfo": null,
 "scope": null,
 "responsibleParty": "International Foundation High Altitude Research Stations Jungfraujoch and Gornergrat",
 "releasability": null,
 "reference": null,
 "purpose": null,
 "otherLocale": null,
 "metadataProfile": null,
 "metadataLinkage": null,
 "metadataIdentifier": null,
 "MD_LegalConstraints": null,
 "MD_Identification": null,
 "environmentDescription": null,
 "distributor": "ICOS",
 "distributionInfo": null,
 "dataQualityInfo": null,
 "contentInfo": null,
 "contact": null
}