{
 "description": null,
 "identifier": "11676/c7I6W_W4KLR7SDU1g91YHqlb",
 "keywords": [
  "ICOS"
 ],
 "language": null,
 "accessibilitySummary": null,
 "accountablePerson": null,
 "version": null,
 "temporalCoverage": "2021-05-09T23:00:00Z - 2021-05-09T23:00:00Z",
 "publisher": null,
 "spatial": null,
 "license": null,
 "citation": "@misc{https://hdl.handle.net/11676/c7I6W_W4KLR7SDU1g91YHqlb,\r\n  author={Baur, T., Etzold, S., Eugster, W., Gessler, A., Gharun, M., Hug, C., Hörtnagl, L., Liechti, K., Meier, P., Schmitt Oehler, M., Staudinger, M., Stutz, T., Sutter, F., Thimonier Rickenmann, A., Trotsiuk, V., Waldner, P., Zimmermann, S., Zweifel, R.},\r\n  title={ICOS ETC Bio Meteo Raw ASCII, Davos, 2021-05-10},\r\n  year={2021},\r\n  url={https://hdl.handle.net/11676/c7I6W_W4KLR7SDU1g91YHqlb},\r\n  publisher={Davos},\r\n  copyright={https://creativecommons.org/licenses/by/4.0/},\r\n  pid={11676/c7I6W_W4KLR7SDU1g91YHqlb}\r\n}",
 "type/genre": "Ecosystem data",
 "creator": null,
 "update/modification_date": null,
 "distribution": null,
 "image": [
  "https://fileshare.icos-cp.eu/s/PZZFa4aSHzknpSm/preview"
 ],
 "thumbnailUrl": null,
 "headline": null,
 "abstract": [],
 "theme/category": "Atmospheric radon time series",
 "dateCreated": null,
 "creditText": null,
 "datePublished": "2021-05-11",
 "producer": null,
 "author": [
  "Thomas Baur",
  "Sophia Etzold",
  "Werner Eugster",
  "Arthur Gessler",
  "Mana Gharun",
  "Christian Hug",
  "Lukas Hörtnagl",
  "Käthi Liechti",
  "Philip Meier",
  "Maria Schmitt Oehler",
  "Markus Staudinger",
  "Tanja Stutz",
  "Flurin Sutter",
  "Anne Thimonier Rickenmann",
  "Volodymyr Trotsiuk",
  "Peter Waldner",
  "Stephan Zimmermann",
  "Roman Zweifel"
 ],
 "spatialCoverage": [
  9.85591,
  46.81533,
  1689.0
 ],
 "url": "https://data.icos-cp.eu/objects/pKuel6sVht5Xn3vhNdbQQFDB",
 "temporal": "2021-05-11",
 "sponsor": null,
 "size": 570835,
 "sdPublisher": null,
 "sdLicense": null,
 "sameAs": null,
 "publication": null,
 "provider": "Davos",
 "position": null,
 "name": "CH-Dav_BM_20210510_L02_F03.zip",
 "measurementTechnique": null,
 "material": null,
 "maintainer": null,
 "locationCreated": "[9.85591, 46.81533, 1689.0]",
 "issn": null,
 "isPartOf": [],
 "isBasedOn": null,
 "isAccessibleForFree": null,
 "includedInDataCatalog": null,
 "editor": null,
 "editEIDR": null,
 "copyrightYear": null,
 "copyrightNotice": null,
 "copyrightHolder": null,
 "contributor": null,
 "contentReferenceTime": null,
 "contentLocation": null,
 "character": null,
 "acquireLicensePage": null,
 "accessModeSufficient": null,
 "about": null,
 "rights": null,
 "relation": null,
 "qualified_relation": null,
 "qualified_attribution": null,
 "previous_version": null,
 "landing_page": "https://meta.icos-cp.eu/objects/c7I6W_W4KLR7SDU1g91YHqlb",
 "is_referenced_by": null,
 "in_series": null,
 "has_version": null,
 "has_policy": null,
 "has_current_version": null,
 "useConstraints": null,
 "status": null,
 "spatialRepresentationType": null,
 "spatialRepresentationInfo": null,
 "scope": null,
 "responsibleParty": "International Foundation High Altitude Research Stations Jungfraujoch and Gornergrat",
 "releasability": null,
 "reference": null,
 "purpose": null,
 "otherLocale": null,
 "metadataProfile": null,
 "metadataLinkage": null,
 "metadataIdentifier": null,
 "MD_LegalConstraints": null,
 "MD_Identification": null,
 "environmentDescription": null,
 "distributor": "ICOS",
 "distributionInfo": null,
 "dataQualityInfo": null,
 "contentInfo": null,
 "contact": null
}