{
 "description": "N/A",
 "identifier": "11676/y_uMBVtYQXQZNk3HJ18iat8E",
 "keywords": [
  "ICOS"
 ],
 "language": "N/A",
 "accessibilitySummary": "N/A",
 "accountablePerson": "N/A",
 "version": "N/A",
 "temporalCoverage": "2021-05-11T00:00:00Z - 2021-05-11T00:00:00Z",
 "publisher": "N/A",
 "spatial": "N/A",
 "longitude": 10.6999,
 "latitude": 44.1936,
 "license": "N/A",
 "citation": "@misc{https://hdl.handle.net/11676/y_uMBVtYQXQZNk3HJ18iat8E,\r\n  author={Cristofanelli, P., Trisolino, P.},\r\n  title={ICOS ATC Meteorological data csv time series, Monte Cimone, 2021-05-11},\r\n  year={2021},\r\n  url={https://hdl.handle.net/11676/y_uMBVtYQXQZNk3HJ18iat8E},\r\n  publisher={Atmosphere Thematic Centre},\r\n  copyright={https://creativecommons.org/licenses/by/4.0/},\r\n  pid={11676/y_uMBVtYQXQZNk3HJ18iat8E}\r\n}",
 "genre": "Atmospheric data",
 "creator": "N/A",
 "modification_date": "N/A",
 "distribution": "N/A",
 "image": [
  "https://meta.icos-cp.eu/files/-rS-Mc9OvsAaBpwi4PP0Dio5/2013-10-03%2010.00.43.jpg"
 ],
 "thumbnailUrl": "N/A",
 "headline": "N/A",
 "abstract": [],
 "category": "Atmospheric radon time series",
 "dateCreated": "2021-05-12",
 "creditText": "N/A",
 "datePublished": "2021-05-12",
 "producer": "N/A",
 "author": [
  "Paolo Cristofanelli",
  "Pamela Trisolino"
 ],
 "spatialCoverage": [
  10.6999,
  44.1936
 ],
 "url": "https://data.icos-cp.eu/objects/pKuel6sVht5Xn3vhNdbQQFDB",
 "temporal": "2021-05-12",
 "sponsor": "N/A",
 "size": 13123,
 "sdPublisher": "N/A",
 "sdLicense": "N/A",
 "sameAs": "N/A",
 "publication": "N/A",
 "provider": "Atmosphere Thematic Centre",
 "position": "N/A",
 "name": "CMN_1156_1_20210511.zip",
 "measurementTechnique": "N/A",
 "material": "N/A",
 "maintainer": "N/A",
 "locationCreated": "[10.6999, 44.1936, 2165.0]",
 "issn": "N/A",
 "isPartOf": [],
 "isBasedOn": "N/A",
 "isAccessibleForFree": "N/A",
 "includedInDataCatalog": "N/A",
 "editor": "N/A",
 "editEIDR": "N/A",
 "copyrightYear": "N/A",
 "copyrightNotice": "N/A",
 "copyrightHolder": "N/A",
 "contributor": "N/A",
 "contentReferenceTime": "N/A",
 "contentLocation": "N/A",
 "character": "N/A",
 "acquireLicensePage": "N/A",
 "accessModeSufficient": "N/A",
 "about": "N/A",
 "rights": "N/A",
 "relation": "N/A",
 "qualified_relation": "N/A",
 "qualified_attribution": "N/A",
 "previous_version": "N/A",
 "landing_page": "https://meta.icos-cp.eu/objects/y_uMBVtYQXQZNk3HJ18iat8E",
 "is_referenced_by": "N/A",
 "in_series": "N/A",
 "has_version": "N/A",
 "has_policy": "N/A",
 "has_current_version": "N/A",
 "useConstraints": "N/A",
 "status": "N/A",
 "spatialRepresentationType": "N/A",
 "spatialRepresentationInfo": "N/A",
 "scope": "N/A",
 "responsibleParty": "National Research Council of Italy, Institute of Atmospheric Sciences and Climate (CNR-ISAC)",
 "releasability": "N/A",
 "reference": "N/A",
 "purpose": "N/A",
 "otherLocale": "N/A",
 "metadataProfile": "N/A",
 "metadataLinkage": "N/A",
 "metadataIdentifier": "N/A",
 "MD_LegalConstraints": "N/A",
 "MD_Identification": "N/A",
 "environmentDescription": "N/A",
 "distributor": "ICOS",
 "distributionInfo": "N/A",
 "dataQualityInfo": "N/A",
 "contentInfo": "N/A",
 "contact": "N/A"
}