{
 "description": "N/A",
 "identifier": "11676/azH6JFDB_brvDJa2EWmM6U36",
 "keywords": [
  "ICOS"
 ],
 "language": "N/A",
 "accessibilitySummary": "N/A",
 "accountablePerson": "N/A",
 "version": "N/A",
 "temporalCoverage": "2021-05-10T23:00:00Z - 2021-05-10T23:00:00Z",
 "publisher": "N/A",
 "spatial": "N/A",
 "longitude": 19.55654,
 "latitude": 64.18203,
 "license": "N/A",
 "citation": "@misc{https://hdl.handle.net/11676/azH6JFDB_brvDJa2EWmM6U36,\r\n  author={Andersson, T., De Simon, G., Dignam, R., Holst, J., Lindgren, K., Löfvenius, P., Marklund, P., Mölder, M., Nilsson, M., Peichl, M., Smith, P.},\r\n  title={ICOS ETC Bio Meteo Raw ASCII, Degero, 2021-05-11},\r\n  year={2021},\r\n  url={https://hdl.handle.net/11676/azH6JFDB_brvDJa2EWmM6U36},\r\n  publisher={Degero},\r\n  copyright={https://creativecommons.org/licenses/by/4.0/},\r\n  pid={11676/azH6JFDB_brvDJa2EWmM6U36}\r\n}",
 "genre": "Ecosystem data",
 "creator": "N/A",
 "modification_date": "N/A",
 "distribution": "N/A",
 "image": [
  "https://fileshare.icos-cp.eu/s/YJo24JYb8gSGEiN/preview"
 ],
 "thumbnailUrl": "N/A",
 "headline": "N/A",
 "abstract": [],
 "category": "Atmospheric radon time series",
 "dateCreated": "2021-05-12",
 "creditText": "N/A",
 "datePublished": "2021-05-12",
 "producer": "N/A",
 "author": [
  "Tommy Andersson",
  "Giuseppe De Simon",
  "Rowan Dignam",
  "Jutta Holst",
  "Kim Lindgren",
  "Pernilla Löfvenius",
  "Per Marklund",
  "Meelis Mölder",
  "Mats Nilsson",
  "Matthias Peichl",
  "Paul Smith"
 ],
 "spatialCoverage": [
  19.55654,
  64.18203
 ],
 "url": "https://data.icos-cp.eu/objects/pKuel6sVht5Xn3vhNdbQQFDB",
 "temporal": "2021-05-12",
 "sponsor": "N/A",
 "size": 5050215,
 "sdPublisher": "N/A",
 "sdLicense": "N/A",
 "sameAs": "N/A",
 "publication": "N/A",
 "provider": "Degero",
 "position": "N/A",
 "name": "SE-Deg_BM_20210511_L02_F01.dat",
 "measurementTechnique": "N/A",
 "material": "N/A",
 "maintainer": "N/A",
 "locationCreated": "[19.55654, 64.18203, 270.0]",
 "issn": "N/A",
 "isPartOf": [],
 "isBasedOn": "N/A",
 "isAccessibleForFree": "N/A",
 "includedInDataCatalog": "N/A",
 "editor": "N/A",
 "editEIDR": "N/A",
 "copyrightYear": "N/A",
 "copyrightNotice": "N/A",
 "copyrightHolder": "N/A",
 "contributor": "N/A",
 "contentReferenceTime": "N/A",
 "contentLocation": "N/A",
 "character": "N/A",
 "acquireLicensePage": "N/A",
 "accessModeSufficient": "N/A",
 "about": "N/A",
 "rights": "N/A",
 "relation": "N/A",
 "qualified_relation": "N/A",
 "qualified_attribution": "N/A",
 "previous_version": "N/A",
 "landing_page": "https://meta.icos-cp.eu/objects/azH6JFDB_brvDJa2EWmM6U36",
 "is_referenced_by": "N/A",
 "in_series": "N/A",
 "has_version": "N/A",
 "has_policy": "N/A",
 "has_current_version": "N/A",
 "useConstraints": "N/A",
 "status": "N/A",
 "spatialRepresentationType": "N/A",
 "spatialRepresentationInfo": "N/A",
 "scope": "N/A",
 "responsibleParty": "Deutscher Wetterdienst, Hohenpeißenberg Meteorological Observatory",
 "releasability": "N/A",
 "reference": "N/A",
 "purpose": "N/A",
 "otherLocale": "N/A",
 "metadataProfile": "N/A",
 "metadataLinkage": "N/A",
 "metadataIdentifier": "N/A",
 "MD_LegalConstraints": "N/A",
 "MD_Identification": "N/A",
 "environmentDescription": "N/A",
 "distributor": "ICOS",
 "distributionInfo": "N/A",
 "dataQualityInfo": "N/A",
 "contentInfo": "N/A",
 "contact": "N/A"
}