{
 "description": null,
 "identifier": "11676/AyvlZx_f3kvmrvLs51ycxBEp",
 "keywords": [
  "ICOS"
 ],
 "language": null,
 "accessibilitySummary": null,
 "accountablePerson": null,
 "version": null,
 "temporalCoverage": "2021-05-10T23:00:00Z - 2021-05-10T23:00:00Z",
 "publisher": null,
 "spatial": null,
 "license": null,
 "citation": "@misc{https://hdl.handle.net/11676/AyvlZx_f3kvmrvLs51ycxBEp,\r\n  author={Brümmer, C., Delorme, J., Schrader, F.},\r\n  title={ICOS ETC Bio Meteo Raw ASCII, Gebesee, 2021-05-11},\r\n  year={2021},\r\n  url={https://hdl.handle.net/11676/AyvlZx_f3kvmrvLs51ycxBEp},\r\n  publisher={Gebesee},\r\n  copyright={https://creativecommons.org/licenses/by/4.0/},\r\n  pid={11676/AyvlZx_f3kvmrvLs51ycxBEp}\r\n}",
 "type/genre": "Ecosystem data",
 "creator": null,
 "update/modification_date": null,
 "distribution": null,
 "image": [
  "https://fileshare.icos-cp.eu/s/dN7Gy782sdKNkN7/preview"
 ],
 "thumbnailUrl": null,
 "headline": null,
 "abstract": [],
 "theme/category": "Atmospheric radon time series",
 "dateCreated": null,
 "creditText": null,
 "datePublished": "2021-05-11",
 "producer": null,
 "author": [
  "Christian Brümmer",
  "Jean-Pierre Delorme",
  "Frederik Schrader"
 ],
 "spatialCoverage": [
  10.91463,
  51.09973,
  161.5
 ],
 "url": "https://data.icos-cp.eu/objects/pKuel6sVht5Xn3vhNdbQQFDB",
 "temporal": "2021-05-11",
 "sponsor": null,
 "size": 953558,
 "sdPublisher": null,
 "sdLicense": null,
 "sameAs": null,
 "publication": null,
 "provider": "Gebesee",
 "position": null,
 "name": "DE-Geb_BM_20210511_L02_F02.csv",
 "measurementTechnique": null,
 "material": null,
 "maintainer": null,
 "locationCreated": "[10.91463, 51.09973, 161.5]",
 "issn": null,
 "isPartOf": [],
 "isBasedOn": null,
 "isAccessibleForFree": null,
 "includedInDataCatalog": null,
 "editor": null,
 "editEIDR": null,
 "copyrightYear": null,
 "copyrightNotice": null,
 "copyrightHolder": null,
 "contributor": null,
 "contentReferenceTime": null,
 "contentLocation": null,
 "character": null,
 "acquireLicensePage": null,
 "accessModeSufficient": null,
 "about": null,
 "rights": null,
 "relation": null,
 "qualified_relation": null,
 "qualified_attribution": null,
 "previous_version": null,
 "landing_page": "https://meta.icos-cp.eu/objects/AyvlZx_f3kvmrvLs51ycxBEp",
 "is_referenced_by": null,
 "in_series": null,
 "has_version": null,
 "has_policy": null,
 "has_current_version": null,
 "useConstraints": null,
 "status": null,
 "spatialRepresentationType": null,
 "spatialRepresentationInfo": null,
 "scope": null,
 "responsibleParty": "Deutscher Wetterdienst, Hohenpeißenberg Meteorological Observatory",
 "releasability": null,
 "reference": null,
 "purpose": null,
 "otherLocale": null,
 "metadataProfile": null,
 "metadataLinkage": null,
 "metadataIdentifier": null,
 "MD_LegalConstraints": null,
 "MD_Identification": null,
 "environmentDescription": null,
 "distributor": "ICOS",
 "distributionInfo": null,
 "dataQualityInfo": null,
 "contentInfo": null,
 "contact": null
}