{
 "description": null,
 "identifier": "11676/aNUPM5qX4H3PNUINfWtzFyKd",
 "keywords": [
  "ICOS"
 ],
 "language": null,
 "accessibilitySummary": null,
 "accountablePerson": null,
 "version": null,
 "temporalCoverage": "2021-05-09T23:00:00Z - 2021-05-09T23:00:00Z",
 "publisher": null,
 "spatial": null,
 "license": null,
 "citation": "@misc{https://hdl.handle.net/11676/aNUPM5qX4H3PNUINfWtzFyKd,\r\n  author={Andersson, T., De Simon, G., Dignam, R., Holst, J., Lindgren, K., Löfvenius, P., Marklund, P., Mölder, M., Nilsson, M., Peichl, M., Smith, P.},\r\n  title={ICOS ETC Eddy Flux Raw ASCII daily archive, Degero, 2021-05-10},\r\n  year={2021},\r\n  url={https://hdl.handle.net/11676/aNUPM5qX4H3PNUINfWtzFyKd},\r\n  publisher={Degero},\r\n  copyright={https://creativecommons.org/licenses/by/4.0/},\r\n  pid={11676/aNUPM5qX4H3PNUINfWtzFyKd}\r\n}",
 "type/genre": "Ecosystem data",
 "creator": null,
 "update/modification_date": null,
 "distribution": null,
 "image": [
  "https://fileshare.icos-cp.eu/s/YJo24JYb8gSGEiN/preview"
 ],
 "thumbnailUrl": null,
 "headline": null,
 "abstract": [],
 "theme/category": "Atmospheric radon time series",
 "dateCreated": null,
 "creditText": null,
 "datePublished": "2021-05-11",
 "producer": null,
 "author": [
  "Tommy Andersson",
  "Giuseppe De Simon",
  "Rowan Dignam",
  "Jutta Holst",
  "Kim Lindgren",
  "Pernilla Löfvenius",
  "Per Marklund",
  "Meelis Mölder",
  "Mats Nilsson",
  "Matthias Peichl",
  "Paul Smith"
 ],
 "spatialCoverage": [
  19.55654,
  64.18203,
  270.0
 ],
 "url": "https://data.icos-cp.eu/objects/03eziIIuYABZAN2DGimlBaCI",
 "temporal": "2021-05-11",
 "sponsor": null,
 "size": 82437210,
 "sdPublisher": null,
 "sdLicense": null,
 "sameAs": null,
 "publication": null,
 "provider": "Degero",
 "position": null,
 "name": "SE-Deg_EC_20210510_L01_F01.zip",
 "measurementTechnique": null,
 "material": null,
 "maintainer": null,
 "locationCreated": "[19.55654, 64.18203, 270.0]",
 "issn": null,
 "isPartOf": [],
 "isBasedOn": null,
 "isAccessibleForFree": null,
 "includedInDataCatalog": null,
 "editor": null,
 "editEIDR": null,
 "copyrightYear": null,
 "copyrightNotice": null,
 "copyrightHolder": null,
 "contributor": null,
 "contentReferenceTime": null,
 "contentLocation": null,
 "character": null,
 "acquireLicensePage": null,
 "accessModeSufficient": null,
 "about": null,
 "rights": null,
 "relation": null,
 "qualified_relation": null,
 "qualified_attribution": null,
 "previous_version": null,
 "landing_page": "https://meta.icos-cp.eu/objects/aNUPM5qX4H3PNUINfWtzFyKd",
 "is_referenced_by": null,
 "in_series": null,
 "has_version": null,
 "has_policy": null,
 "has_current_version": null,
 "useConstraints": null,
 "status": null,
 "spatialRepresentationType": null,
 "spatialRepresentationInfo": null,
 "scope": null,
 "responsibleParty": "International Foundation High Altitude Research Stations Jungfraujoch and Gornergrat",
 "releasability": null,
 "reference": null,
 "purpose": null,
 "otherLocale": null,
 "metadataProfile": null,
 "metadataLinkage": null,
 "metadataIdentifier": null,
 "MD_LegalConstraints": null,
 "MD_Identification": null,
 "environmentDescription": null,
 "distributor": "ICOS",
 "distributionInfo": null,
 "dataQualityInfo": null,
 "contentInfo": null,
 "contact": null
}