{
 "description": null,
 "identifier": "11676/03eziIIuYABZAN2DGimlBaCI",
 "keywords": [
  "ICOS"
 ],
 "language": null,
 "accessibilitySummary": null,
 "accountablePerson": null,
 "version": null,
 "temporalCoverage": "2021-05-10T00:00:00Z - 2021-05-10T00:00:00Z",
 "publisher": null,
 "spatial": null,
 "license": null,
 "citation": "@misc{https://hdl.handle.net/11676/03eziIIuYABZAN2DGimlBaCI,\r\n  author={Emmenegger, L., Leuenberger, M., Steinbacher, M., Conen, F.},\r\n  title={ICOS ATC NRT radon data csv time series, Jungfraujoch (6.0 m), 2021-05-10},\r\n  year={2021},\r\n  url={https://hdl.handle.net/11676/03eziIIuYABZAN2DGimlBaCI},\r\n  publisher={Atmosphere Thematic Centre},\r\n  copyright={https://creativecommons.org/licenses/by/4.0/},\r\n  pid={11676/03eziIIuYABZAN2DGimlBaCI}\r\n}",
 "type/genre": "Atmospheric data",
 "creator": null,
 "update/modification_date": null,
 "distribution": null,
 "image": [
  "https://www.icos-cp.eu/sites/default/files/2017-08/Jungfraujoch_Observatory.jpg"
 ],
 "thumbnailUrl": null,
 "headline": null,
 "abstract": [],
 "theme/category": "Atmospheric radon time series",
 "dateCreated": null,
 "creditText": null,
 "datePublished": "2021-05-11",
 "producer": null,
 "author": [
  "Lukas Emmenegger",
  "Markus Leuenberger",
  "Martin Steinbacher",
  "Franz Conen"
 ],
 "spatialCoverage": [
  7.9851,
  46.5475,
  3580.0
 ],
 "url": "https://data.icos-cp.eu/objects/03eziIIuYABZAN2DGimlBaCI",
 "temporal": "2021-05-11",
 "sponsor": null,
 "size": 1583,
 "sdPublisher": null,
 "sdLicense": null,
 "sameAs": null,
 "publication": null,
 "provider": "Atmosphere Thematic Centre",
 "position": null,
 "name": "ICOS_ATC_NRT_JFJ_2021-05-10_2021-05-10_6.0_661_RN.zip",
 "measurementTechnique": null,
 "material": null,
 "maintainer": null,
 "locationCreated": "[7.9851, 46.5475, 3580.0]",
 "issn": null,
 "isPartOf": [],
 "isBasedOn": null,
 "isAccessibleForFree": null,
 "includedInDataCatalog": null,
 "editor": null,
 "editEIDR": null,
 "copyrightYear": null,
 "copyrightNotice": null,
 "copyrightHolder": null,
 "contributor": null,
 "contentReferenceTime": null,
 "contentLocation": null,
 "character": null,
 "acquireLicensePage": null,
 "accessModeSufficient": null,
 "about": null,
 "rights": null,
 "relation": null,
 "qualified_relation": null,
 "qualified_attribution": null,
 "previous_version": null,
 "landing_page": "https://meta.icos-cp.eu/objects/03eziIIuYABZAN2DGimlBaCI",
 "is_referenced_by": null,
 "in_series": null,
 "has_version": null,
 "has_policy": null,
 "has_current_version": null,
 "useConstraints": null,
 "status": null,
 "spatialRepresentationType": null,
 "spatialRepresentationInfo": null,
 "scope": null,
 "responsibleParty": "International Foundation High Altitude Research Stations Jungfraujoch and Gornergrat",
 "releasability": null,
 "reference": null,
 "purpose": null,
 "otherLocale": null,
 "metadataProfile": null,
 "metadataLinkage": null,
 "metadataIdentifier": null,
 "MD_LegalConstraints": null,
 "MD_Identification": null,
 "environmentDescription": null,
 "distributor": "ICOS",
 "distributionInfo": null,
 "dataQualityInfo": null,
 "contentInfo": null,
 "contact": null
}