{
 "description": null,
 "identifier": "11676/1MB1MQj7d65mwBQd5T3mY07V",
 "keywords": [
  "ICOS"
 ],
 "language": null,
 "accessibilitySummary": null,
 "accountablePerson": null,
 "version": null,
 "temporalCoverage": "2021-05-10T23:00:00Z - 2021-05-10T23:00:00Z",
 "publisher": null,
 "spatial": null,
 "license": null,
 "citation": "@misc{https://hdl.handle.net/11676/1MB1MQj7d65mwBQd5T3mY07V,\r\n  author={Aluome, C., Chipeaux, C., Denou, J., DEPUYDT, J., Kruszewski, A., Lafont, S., Loustau, D.},\r\n  title={ICOS ETC Bio Meteo Raw ASCII, Bilos, 2021-05-11},\r\n  year={2021},\r\n  url={https://hdl.handle.net/11676/1MB1MQj7d65mwBQd5T3mY07V},\r\n  publisher={Bilos},\r\n  copyright={https://creativecommons.org/licenses/by/4.0/},\r\n  pid={11676/1MB1MQj7d65mwBQd5T3mY07V}\r\n}",
 "type/genre": "Ecosystem data",
 "creator": null,
 "update/modification_date": null,
 "distribution": null,
 "image": [
  "https://fileshare.icos-cp.eu/s/43CdoB5zM3zTrN9/preview"
 ],
 "thumbnailUrl": null,
 "headline": null,
 "abstract": [],
 "theme/category": "Atmospheric radon time series",
 "dateCreated": null,
 "creditText": null,
 "datePublished": "2021-05-12",
 "producer": null,
 "author": [
  "Christelle Aluome",
  "Christophe Chipeaux",
  "Jean-Luc Denou",
  "Jeremie DEPUYDT",
  "Alain Kruszewski",
  "Sebastien Lafont",
  "Denis Loustau"
 ],
 "spatialCoverage": [
  -0.956082,
  44.49367,
  39.18
 ],
 "url": "https://data.icos-cp.eu/objects/03eziIIuYABZAN2DGimlBaCI",
 "temporal": "2021-05-12",
 "sponsor": null,
 "size": 339326,
 "sdPublisher": null,
 "sdLicense": null,
 "sameAs": null,
 "publication": null,
 "provider": "Bilos",
 "position": null,
 "name": "FR-Bil_BM_20210511_L10_F01.csv",
 "measurementTechnique": null,
 "material": null,
 "maintainer": null,
 "locationCreated": "[-0.956082, 44.49367, 39.18]",
 "issn": null,
 "isPartOf": [],
 "isBasedOn": null,
 "isAccessibleForFree": null,
 "includedInDataCatalog": null,
 "editor": null,
 "editEIDR": null,
 "copyrightYear": null,
 "copyrightNotice": null,
 "copyrightHolder": null,
 "contributor": null,
 "contentReferenceTime": null,
 "contentLocation": null,
 "character": null,
 "acquireLicensePage": null,
 "accessModeSufficient": null,
 "about": null,
 "rights": null,
 "relation": null,
 "qualified_relation": null,
 "qualified_attribution": null,
 "previous_version": null,
 "landing_page": "https://meta.icos-cp.eu/objects/1MB1MQj7d65mwBQd5T3mY07V",
 "is_referenced_by": null,
 "in_series": null,
 "has_version": null,
 "has_policy": null,
 "has_current_version": null,
 "useConstraints": null,
 "status": null,
 "spatialRepresentationType": null,
 "spatialRepresentationInfo": null,
 "scope": null,
 "responsibleParty": "International Foundation High Altitude Research Stations Jungfraujoch and Gornergrat",
 "releasability": null,
 "reference": null,
 "purpose": null,
 "otherLocale": null,
 "metadataProfile": null,
 "metadataLinkage": null,
 "metadataIdentifier": null,
 "MD_LegalConstraints": null,
 "MD_Identification": null,
 "environmentDescription": null,
 "distributor": "ICOS",
 "distributionInfo": null,
 "dataQualityInfo": null,
 "contentInfo": null,
 "contact": null
}