{
 "description": "N/A",
 "identifier": "11676/Q5o9lfaZ8xZiXwKSnFkKXFr2",
 "keywords": [
  "ICOS"
 ],
 "language": "N/A",
 "accessibilitySummary": "N/A",
 "accountablePerson": "N/A",
 "version": "N/A",
 "temporalCoverage": "2021-05-10T23:00:00Z - 2021-05-10T23:00:00Z",
 "publisher": "N/A",
 "spatial": "N/A",
 "longitude": 2.780096,
 "latitude": 48.47636,
 "license": "N/A",
 "citation": "@misc{https://hdl.handle.net/11676/Q5o9lfaZ8xZiXwKSnFkKXFr2,\r\n  author={Bazot, S., Berveiller, D., Delpierre, N., Dufrêne, E., Morfin, A., Perot-Guillaume, C., Soudani, K., Vincent, G.},\r\n  title={ICOS ETC Bio Meteo Raw ASCII, Fontainebleau-Barbeau, 2021-05-11},\r\n  year={2021},\r\n  url={https://hdl.handle.net/11676/Q5o9lfaZ8xZiXwKSnFkKXFr2},\r\n  publisher={Fontainebleau-Barbeau},\r\n  copyright={https://creativecommons.org/licenses/by/4.0/},\r\n  pid={11676/Q5o9lfaZ8xZiXwKSnFkKXFr2}\r\n}",
 "genre": "Ecosystem data",
 "creator": "N/A",
 "modification_date": "N/A",
 "distribution": "N/A",
 "image": [
  "https://fileshare.icos-cp.eu/s/6RP26rRzWYsqYHX/preview"
 ],
 "thumbnailUrl": "N/A",
 "headline": "N/A",
 "abstract": [],
 "category": "Atmospheric radon time series",
 "dateCreated": "2021-05-12",
 "creditText": "N/A",
 "datePublished": "2021-05-12",
 "producer": "N/A",
 "author": [
  "Stéphane Bazot",
  "Daniel Berveiller",
  "Nicolas Delpierre",
  "Eric Dufrêne",
  "Alexandre Morfin",
  "Clotilde Perot-Guillaume",
  "Kamel Soudani",
  "Gaëlle Vincent"
 ],
 "spatialCoverage": [
  2.780096,
  48.47636
 ],
 "url": "https://data.icos-cp.eu/objects/03eziIIuYABZAN2DGimlBaCI",
 "temporal": "2021-05-12",
 "sponsor": "N/A",
 "size": 128310,
 "sdPublisher": "N/A",
 "sdLicense": "N/A",
 "sameAs": "N/A",
 "publication": "N/A",
 "provider": "Fontainebleau-Barbeau",
 "position": "N/A",
 "name": "FR-Fon_BM_20210511_L02_F01.zip",
 "measurementTechnique": "N/A",
 "material": "N/A",
 "maintainer": "N/A",
 "locationCreated": "[2.780096, 48.47636, 103.0]",
 "issn": "N/A",
 "isPartOf": [],
 "isBasedOn": "N/A",
 "isAccessibleForFree": "N/A",
 "includedInDataCatalog": "N/A",
 "editor": "N/A",
 "editEIDR": "N/A",
 "copyrightYear": "N/A",
 "copyrightNotice": "N/A",
 "copyrightHolder": "N/A",
 "contributor": "N/A",
 "contentReferenceTime": "N/A",
 "contentLocation": "N/A",
 "character": "N/A",
 "acquireLicensePage": "N/A",
 "accessModeSufficient": "N/A",
 "about": "N/A",
 "rights": "N/A",
 "relation": "N/A",
 "qualified_relation": "N/A",
 "qualified_attribution": "N/A",
 "previous_version": "N/A",
 "landing_page": "https://meta.icos-cp.eu/objects/Q5o9lfaZ8xZiXwKSnFkKXFr2",
 "is_referenced_by": "N/A",
 "in_series": "N/A",
 "has_version": "N/A",
 "has_policy": "N/A",
 "has_current_version": "N/A",
 "useConstraints": "N/A",
 "status": "N/A",
 "spatialRepresentationType": "N/A",
 "spatialRepresentationInfo": "N/A",
 "scope": "N/A",
 "responsibleParty": "International Foundation High Altitude Research Stations Jungfraujoch and Gornergrat",
 "releasability": "N/A",
 "reference": "N/A",
 "purpose": "N/A",
 "otherLocale": "N/A",
 "metadataProfile": "N/A",
 "metadataLinkage": "N/A",
 "metadataIdentifier": "N/A",
 "MD_LegalConstraints": "N/A",
 "MD_Identification": "N/A",
 "environmentDescription": "N/A",
 "distributor": "ICOS",
 "distributionInfo": "N/A",
 "dataQualityInfo": "N/A",
 "contentInfo": "N/A",
 "contact": "N/A"
}