{
 "description": null,
 "identifier": "11676/3Jh0Qc1DR0AKqTB6r2UEyVzO",
 "keywords": [
  "ICOS"
 ],
 "language": null,
 "accessibilitySummary": null,
 "accountablePerson": null,
 "version": null,
 "temporalCoverage": "2021-05-10T23:00:00Z - 2021-05-10T23:00:00Z",
 "publisher": null,
 "spatial": null,
 "license": null,
 "citation": "@misc{https://hdl.handle.net/11676/3Jh0Qc1DR0AKqTB6r2UEyVzO,\r\n  author={Bazot, S., Berveiller, D., Delpierre, N., Dufrêne, E., Morfin, A., Perot-Guillaume, C., Soudani, K., Vincent, G.},\r\n  title={ICOS ETC Bio Meteo Raw ASCII, Fontainebleau-Barbeau, 2021-05-11},\r\n  year={2021},\r\n  url={https://hdl.handle.net/11676/3Jh0Qc1DR0AKqTB6r2UEyVzO},\r\n  publisher={Fontainebleau-Barbeau},\r\n  copyright={https://creativecommons.org/licenses/by/4.0/},\r\n  pid={11676/3Jh0Qc1DR0AKqTB6r2UEyVzO}\r\n}",
 "type/genre": "Ecosystem data",
 "creator": null,
 "update/modification_date": null,
 "distribution": null,
 "image": [
  "https://fileshare.icos-cp.eu/s/6RP26rRzWYsqYHX/preview"
 ],
 "thumbnailUrl": null,
 "headline": null,
 "abstract": [],
 "theme/category": "Atmospheric radon time series",
 "dateCreated": null,
 "creditText": null,
 "datePublished": "2021-05-12",
 "producer": null,
 "author": [
  "Stéphane Bazot",
  "Daniel Berveiller",
  "Nicolas Delpierre",
  "Eric Dufrêne",
  "Alexandre Morfin",
  "Clotilde Perot-Guillaume",
  "Kamel Soudani",
  "Gaëlle Vincent"
 ],
 "spatialCoverage": [
  2.780096,
  48.47636,
  103.0
 ],
 "url": "https://data.icos-cp.eu/objects/03eziIIuYABZAN2DGimlBaCI",
 "temporal": "2021-05-12",
 "sponsor": null,
 "size": 33244,
 "sdPublisher": null,
 "sdLicense": null,
 "sameAs": null,
 "publication": null,
 "provider": "Fontainebleau-Barbeau",
 "position": null,
 "name": "FR-Fon_BM_20210511_L10_F01.zip",
 "measurementTechnique": null,
 "material": null,
 "maintainer": null,
 "locationCreated": "[2.780096, 48.47636, 103.0]",
 "issn": null,
 "isPartOf": [],
 "isBasedOn": null,
 "isAccessibleForFree": null,
 "includedInDataCatalog": null,
 "editor": null,
 "editEIDR": null,
 "copyrightYear": null,
 "copyrightNotice": null,
 "copyrightHolder": null,
 "contributor": null,
 "contentReferenceTime": null,
 "contentLocation": null,
 "character": null,
 "acquireLicensePage": null,
 "accessModeSufficient": null,
 "about": null,
 "rights": null,
 "relation": null,
 "qualified_relation": null,
 "qualified_attribution": null,
 "previous_version": null,
 "landing_page": "https://meta.icos-cp.eu/objects/3Jh0Qc1DR0AKqTB6r2UEyVzO",
 "is_referenced_by": null,
 "in_series": null,
 "has_version": null,
 "has_policy": null,
 "has_current_version": null,
 "useConstraints": null,
 "status": null,
 "spatialRepresentationType": null,
 "spatialRepresentationInfo": null,
 "scope": null,
 "responsibleParty": "International Foundation High Altitude Research Stations Jungfraujoch and Gornergrat",
 "releasability": null,
 "reference": null,
 "purpose": null,
 "otherLocale": null,
 "metadataProfile": null,
 "metadataLinkage": null,
 "metadataIdentifier": null,
 "MD_LegalConstraints": null,
 "MD_Identification": null,
 "environmentDescription": null,
 "distributor": "ICOS",
 "distributionInfo": null,
 "dataQualityInfo": null,
 "contentInfo": null,
 "contact": null
}