{
 "description": null,
 "identifier": "11676/jhMVYP19pQBmumIKmD5YeUuR",
 "keywords": [
  "ICOS"
 ],
 "language": null,
 "accessibilitySummary": null,
 "accountablePerson": null,
 "version": null,
 "temporalCoverage": "2021-05-09T23:00:00Z - 2021-05-09T23:00:00Z",
 "publisher": null,
 "spatial": null,
 "license": null,
 "citation": "@misc{https://hdl.handle.net/11676/jhMVYP19pQBmumIKmD5YeUuR,\r\n  author={Bortoli, M., Cobbe, I., Montagnani, L., Stecher, M., Tenca, F.},\r\n  title={ICOS ETC Eddy Flux Raw ASCII daily archive, Renon, 2021-05-10},\r\n  year={2021},\r\n  url={https://hdl.handle.net/11676/jhMVYP19pQBmumIKmD5YeUuR},\r\n  publisher={Renon},\r\n  copyright={https://creativecommons.org/licenses/by/4.0/},\r\n  pid={11676/jhMVYP19pQBmumIKmD5YeUuR}\r\n}",
 "type/genre": "Ecosystem data",
 "creator": null,
 "update/modification_date": null,
 "distribution": null,
 "image": [
  "https://fileshare.icos-cp.eu/s/ttQ3kTQYxKsrXqw/preview"
 ],
 "thumbnailUrl": null,
 "headline": null,
 "abstract": [],
 "theme/category": "Atmospheric radon time series",
 "dateCreated": null,
 "creditText": null,
 "datePublished": "2021-05-11",
 "producer": null,
 "author": [
  "Massimo Bortoli",
  "Ivo Cobbe",
  "Leonardo Montagnani",
  "Martin Stecher",
  "Fabio Tenca"
 ],
 "spatialCoverage": [
  11.43369,
  46.58686,
  1735.6
 ],
 "url": "https://data.icos-cp.eu/objects/03eziIIuYABZAN2DGimlBaCI",
 "temporal": "2021-05-11",
 "sponsor": null,
 "size": 131651424,
 "sdPublisher": null,
 "sdLicense": null,
 "sameAs": null,
 "publication": null,
 "provider": "Renon",
 "position": null,
 "name": "IT-Ren_EC_20210510_L01_F01.zip",
 "measurementTechnique": null,
 "material": null,
 "maintainer": null,
 "locationCreated": "[11.43369, 46.58686, 1735.6]",
 "issn": null,
 "isPartOf": [],
 "isBasedOn": null,
 "isAccessibleForFree": null,
 "includedInDataCatalog": null,
 "editor": null,
 "editEIDR": null,
 "copyrightYear": null,
 "copyrightNotice": null,
 "copyrightHolder": null,
 "contributor": null,
 "contentReferenceTime": null,
 "contentLocation": null,
 "character": null,
 "acquireLicensePage": null,
 "accessModeSufficient": null,
 "about": null,
 "rights": null,
 "relation": null,
 "qualified_relation": null,
 "qualified_attribution": null,
 "previous_version": null,
 "landing_page": "https://meta.icos-cp.eu/objects/jhMVYP19pQBmumIKmD5YeUuR",
 "is_referenced_by": null,
 "in_series": null,
 "has_version": null,
 "has_policy": null,
 "has_current_version": null,
 "useConstraints": null,
 "status": null,
 "spatialRepresentationType": null,
 "spatialRepresentationInfo": null,
 "scope": null,
 "responsibleParty": "International Foundation High Altitude Research Stations Jungfraujoch and Gornergrat",
 "releasability": null,
 "reference": null,
 "purpose": null,
 "otherLocale": null,
 "metadataProfile": null,
 "metadataLinkage": null,
 "metadataIdentifier": null,
 "MD_LegalConstraints": null,
 "MD_Identification": null,
 "environmentDescription": null,
 "distributor": "ICOS",
 "distributionInfo": null,
 "dataQualityInfo": null,
 "contentInfo": null,
 "contact": null
}