{
 "description": "N/A",
 "identifier": "11676/HbB1LfM-87hJiML2OP6lR6IE",
 "keywords": [
  "ICOS"
 ],
 "language": "N/A",
 "accessibilitySummary": "N/A",
 "accountablePerson": "N/A",
 "version": "N/A",
 "temporalCoverage": "2021-05-10T23:00:00Z - 2021-05-10T23:00:00Z",
 "publisher": "N/A",
 "spatial": "N/A",
 "longitude": 1.237878,
 "latitude": 43.49644,
 "license": "N/A",
 "citation": "@misc{https://hdl.handle.net/11676/HbB1LfM-87hJiML2OP6lR6IE,\r\n  author={Brut, A., Ceschia, E., Claverie, N., Granouillac, F., Lemaire, B., Tallec, T., Zawilski, B.},\r\n  title={ICOS ETC Bio Meteo Raw ASCII, Lamasquere, 2021-05-11},\r\n  year={2021},\r\n  url={https://hdl.handle.net/11676/HbB1LfM-87hJiML2OP6lR6IE},\r\n  publisher={Lamasquere},\r\n  copyright={https://creativecommons.org/licenses/by/4.0/},\r\n  pid={11676/HbB1LfM-87hJiML2OP6lR6IE}\r\n}",
 "genre": "Ecosystem data",
 "creator": "N/A",
 "modification_date": "N/A",
 "distribution": "N/A",
 "image": [
  "https://fileshare.icos-cp.eu/s/kWSqWs68nRQ6dL7/preview"
 ],
 "thumbnailUrl": "N/A",
 "headline": "N/A",
 "abstract": [],
 "category": "Atmospheric radon time series",
 "dateCreated": "2021-05-12",
 "creditText": "N/A",
 "datePublished": "2021-05-12",
 "producer": "N/A",
 "author": [
  "Aurore Brut",
  "Eric Ceschia",
  "Nicole Claverie",
  "Franck Granouillac",
  "Baptiste Lemaire",
  "Tiphaine Tallec",
  "Bartosz Zawilski"
 ],
 "spatialCoverage": [
  1.237878,
  43.49644
 ],
 "url": "https://data.icos-cp.eu/objects/03eziIIuYABZAN2DGimlBaCI",
 "temporal": "2021-05-12",
 "sponsor": "N/A",
 "size": 307333,
 "sdPublisher": "N/A",
 "sdLicense": "N/A",
 "sameAs": "N/A",
 "publication": "N/A",
 "provider": "Lamasquere",
 "position": "N/A",
 "name": "FR-Lam_BM_20210511_L05_F01.csv",
 "measurementTechnique": "N/A",
 "material": "N/A",
 "maintainer": "N/A",
 "locationCreated": "[1.237878, 43.49644, 180.0]",
 "issn": "N/A",
 "isPartOf": [],
 "isBasedOn": "N/A",
 "isAccessibleForFree": "N/A",
 "includedInDataCatalog": "N/A",
 "editor": "N/A",
 "editEIDR": "N/A",
 "copyrightYear": "N/A",
 "copyrightNotice": "N/A",
 "copyrightHolder": "N/A",
 "contributor": "N/A",
 "contentReferenceTime": "N/A",
 "contentLocation": "N/A",
 "character": "N/A",
 "acquireLicensePage": "N/A",
 "accessModeSufficient": "N/A",
 "about": "N/A",
 "rights": "N/A",
 "relation": "N/A",
 "qualified_relation": "N/A",
 "qualified_attribution": "N/A",
 "previous_version": "N/A",
 "landing_page": "https://meta.icos-cp.eu/objects/HbB1LfM-87hJiML2OP6lR6IE",
 "is_referenced_by": "N/A",
 "in_series": "N/A",
 "has_version": "N/A",
 "has_policy": "N/A",
 "has_current_version": "N/A",
 "useConstraints": "N/A",
 "status": "N/A",
 "spatialRepresentationType": "N/A",
 "spatialRepresentationInfo": "N/A",
 "scope": "N/A",
 "responsibleParty": "International Foundation High Altitude Research Stations Jungfraujoch and Gornergrat",
 "releasability": "N/A",
 "reference": "N/A",
 "purpose": "N/A",
 "otherLocale": "N/A",
 "metadataProfile": "N/A",
 "metadataLinkage": "N/A",
 "metadataIdentifier": "N/A",
 "MD_LegalConstraints": "N/A",
 "MD_Identification": "N/A",
 "environmentDescription": "N/A",
 "distributor": "ICOS",
 "distributionInfo": "N/A",
 "dataQualityInfo": "N/A",
 "contentInfo": "N/A",
 "contact": "N/A"
}