{
 "description": "N/A",
 "identifier": "11676/K6mvLjs0oQyRmC36yJFfJDq5",
 "keywords": [
  "ICOS"
 ],
 "language": "N/A",
 "accessibilitySummary": "N/A",
 "accountablePerson": "N/A",
 "version": "N/A",
 "temporalCoverage": "2021-05-10T00:00:01Z - 2021-05-10T00:00:01Z",
 "publisher": "N/A",
 "spatial": "N/A",
 "longitude": 14.1226,
 "latitude": 52.1663,
 "license": "N/A",
 "citation": "@misc{https://hdl.handle.net/11676/K6mvLjs0oQyRmC36yJFfJDq5,\r\n  author={Kubistin, D., Plaß-Dülmer, C., Lindauer, M., Müller-Williams, J.},\r\n  title={ICOS ATC Los Gatos data csv time series, Lindenberg, 2021-05-10},\r\n  year={2021},\r\n  url={https://hdl.handle.net/11676/K6mvLjs0oQyRmC36yJFfJDq5},\r\n  publisher={Atmosphere Thematic Centre},\r\n  copyright={https://creativecommons.org/licenses/by/4.0/},\r\n  pid={11676/K6mvLjs0oQyRmC36yJFfJDq5}\r\n}",
 "genre": "Atmospheric data",
 "creator": "N/A",
 "modification_date": "N/A",
 "distribution": "N/A",
 "image": [
  "https://meta.icos-cp.eu/files/ItKsvKFrt2WHc2vrIuFsuQQW/LIN3.png"
 ],
 "thumbnailUrl": "N/A",
 "headline": "N/A",
 "abstract": [],
 "category": "OTC SOOP dataset",
 "dateCreated": "2021-05-11",
 "creditText": "N/A",
 "datePublished": "2021-05-11",
 "producer": "N/A",
 "author": [
  "Dagmar Kubistin",
  "Christian Plaß-Dülmer",
  "Matthias Lindauer",
  "Jennifer Müller-Williams"
 ],
 "spatialCoverage": [
  14.1226,
  52.1663
 ],
 "url": "https://data.icos-cp.eu/objects/8HCnAVIxr_CBa6bqmTBE_PpR",
 "temporal": "2021-05-11",
 "sponsor": "N/A",
 "size": 1820175,
 "sdPublisher": "N/A",
 "sdLicense": "N/A",
 "sameAs": "N/A",
 "publication": "N/A",
 "provider": "Atmosphere Thematic Centre",
 "position": "N/A",
 "name": "LIN_498_20210510.zip",
 "measurementTechnique": "N/A",
 "material": "N/A",
 "maintainer": "N/A",
 "locationCreated": "[14.1226, 52.1663, 73.0]",
 "issn": "N/A",
 "isPartOf": [],
 "isBasedOn": "N/A",
 "isAccessibleForFree": "N/A",
 "includedInDataCatalog": "N/A",
 "editor": "N/A",
 "editEIDR": "N/A",
 "copyrightYear": "N/A",
 "copyrightNotice": "N/A",
 "copyrightHolder": "N/A",
 "contributor": "N/A",
 "contentReferenceTime": "N/A",
 "contentLocation": "N/A",
 "character": "N/A",
 "acquireLicensePage": "N/A",
 "accessModeSufficient": "N/A",
 "about": "N/A",
 "rights": "N/A",
 "relation": "N/A",
 "qualified_relation": "N/A",
 "qualified_attribution": "N/A",
 "previous_version": "N/A",
 "landing_page": "https://meta.icos-cp.eu/objects/K6mvLjs0oQyRmC36yJFfJDq5",
 "is_referenced_by": "N/A",
 "in_series": "N/A",
 "has_version": "N/A",
 "has_policy": "N/A",
 "has_current_version": "N/A",
 "useConstraints": "N/A",
 "status": "N/A",
 "spatialRepresentationType": "N/A",
 "spatialRepresentationInfo": "N/A",
 "scope": "N/A",
 "responsibleParty": "Deutscher Wetterdienst, Hohenpeißenberg Meteorological Observatory",
 "releasability": "N/A",
 "reference": "N/A",
 "purpose": "N/A",
 "otherLocale": "N/A",
 "metadataProfile": "N/A",
 "metadataLinkage": "N/A",
 "metadataIdentifier": "N/A",
 "MD_LegalConstraints": "N/A",
 "MD_Identification": "N/A",
 "environmentDescription": "N/A",
 "distributor": "ICOS",
 "distributionInfo": "N/A",
 "dataQualityInfo": "N/A",
 "contentInfo": "N/A",
 "contact": "N/A"
}