{
 "description": "N/A",
 "identifier": "11676/hglLyZBun7JILtVb4GUKqfUP",
 "keywords": [
  "ICOS"
 ],
 "language": "N/A",
 "accessibilitySummary": "N/A",
 "accountablePerson": "N/A",
 "version": "N/A",
 "temporalCoverage": "2021-05-11T00:00:00Z - 2021-05-11T00:00:00Z",
 "publisher": "N/A",
 "spatial": "N/A",
 "longitude": 2.1125,
 "latitude": 47.9647,
 "license": "N/A",
 "citation": "@misc{https://hdl.handle.net/11676/hglLyZBun7JILtVb4GUKqfUP,\r\n  author={Ramonet, M., Lopez, M., Kazan, V., Delmotte, M.},\r\n  title={ICOS ATC NRT radon data csv time series, Trainou (180.0 m), 2021-05-11},\r\n  year={2021},\r\n  url={https://hdl.handle.net/11676/hglLyZBun7JILtVb4GUKqfUP},\r\n  publisher={Atmosphere Thematic Centre},\r\n  copyright={https://creativecommons.org/licenses/by/4.0/},\r\n  pid={11676/hglLyZBun7JILtVb4GUKqfUP}\r\n}",
 "genre": "Atmospheric data",
 "creator": "N/A",
 "modification_date": "N/A",
 "distribution": "N/A",
 "image": [
  "https://meta.icos-cp.eu/files/FC00iUkTvfon6mPrahl0xkWg/TRN_obs_apr2010.jpg",
  "https://meta.icos-cp.eu/files/Q-5CDo5p0oFWeM3gs_1GwCtk/TR3_meteoinlet.JPG"
 ],
 "thumbnailUrl": "N/A",
 "headline": "N/A",
 "abstract": [],
 "category": "Atmospheric radon time series",
 "dateCreated": "2021-05-12",
 "creditText": "N/A",
 "datePublished": "2021-05-12",
 "producer": "N/A",
 "author": [
  "Michel Ramonet",
  "Morgan Lopez",
  "Victor Kazan",
  "Marc Delmotte"
 ],
 "spatialCoverage": [
  2.1125,
  47.9647
 ],
 "url": "https://data.icos-cp.eu/objects/hglLyZBun7JILtVb4GUKqfUP",
 "temporal": "2021-05-12",
 "sponsor": "N/A",
 "size": 1599,
 "sdPublisher": "N/A",
 "sdLicense": "N/A",
 "sameAs": "N/A",
 "publication": "N/A",
 "provider": "Atmosphere Thematic Centre",
 "position": "N/A",
 "name": "ICOS_ATC_NRT_TRN_2021-05-11_2021-05-11_180.0_55_RN.zip",
 "measurementTechnique": "N/A",
 "material": "N/A",
 "maintainer": "N/A",
 "locationCreated": "[2.1125, 47.9647, 131.0]",
 "issn": "N/A",
 "isPartOf": [],
 "isBasedOn": "N/A",
 "isAccessibleForFree": "N/A",
 "includedInDataCatalog": "N/A",
 "editor": "N/A",
 "editEIDR": "N/A",
 "copyrightYear": "N/A",
 "copyrightNotice": "N/A",
 "copyrightHolder": "N/A",
 "contributor": "N/A",
 "contentReferenceTime": "N/A",
 "contentLocation": "N/A",
 "character": "N/A",
 "acquireLicensePage": "N/A",
 "accessModeSufficient": "N/A",
 "about": "N/A",
 "rights": "N/A",
 "relation": "N/A",
 "qualified_relation": "N/A",
 "qualified_attribution": "N/A",
 "previous_version": "N/A",
 "landing_page": "https://meta.icos-cp.eu/objects/hglLyZBun7JILtVb4GUKqfUP",
 "is_referenced_by": "N/A",
 "in_series": "N/A",
 "has_version": "N/A",
 "has_policy": "N/A",
 "has_current_version": "N/A",
 "useConstraints": "N/A",
 "status": "N/A",
 "spatialRepresentationType": "N/A",
 "spatialRepresentationInfo": "N/A",
 "scope": "N/A",
 "responsibleParty": "Laboratoire des Sciences du Climat et de l'Environnement",
 "releasability": "N/A",
 "reference": "N/A",
 "purpose": "N/A",
 "otherLocale": "N/A",
 "metadataProfile": "N/A",
 "metadataLinkage": "N/A",
 "metadataIdentifier": "N/A",
 "MD_LegalConstraints": "N/A",
 "MD_Identification": "N/A",
 "environmentDescription": "N/A",
 "distributor": "ICOS",
 "distributionInfo": "N/A",
 "dataQualityInfo": "N/A",
 "contentInfo": "N/A",
 "contact": "N/A"
}