{
 "description": null,
 "identifier": "11676/db6-m8CQndUqVyxkzqBejJCF",
 "keywords": [
  "CO",
  "concentration",
  "ICOS"
 ],
 "language": null,
 "accessibilitySummary": null,
 "accountablePerson": null,
 "version": null,
 "temporalCoverage": "2020-06-01T00:00:00Z - 2020-06-01T00:00:00Z",
 "publisher": null,
 "spatial": null,
 "license": null,
 "citation": "@misc{https://hdl.handle.net/11676/db6-m8CQndUqVyxkzqBejJCF,\r\n  author={Cristofanelli, P., Trisolino, P.},\r\n  title={ICOS ATC NRT CO growing time series, Monte Cimone (8.0 m), 2020-06-01–2021-05-11},\r\n  year={2021},\r\n  url={https://hdl.handle.net/11676/db6-m8CQndUqVyxkzqBejJCF},\r\n  publisher={Atmosphere Thematic Centre},\r\n  copyright={https://creativecommons.org/licenses/by/4.0/},\r\n  pid={11676/db6-m8CQndUqVyxkzqBejJCF}\r\n}",
 "type/genre": "Atmospheric data",
 "creator": null,
 "update/modification_date": null,
 "distribution": null,
 "image": [
  "https://meta.icos-cp.eu/files/-rS-Mc9OvsAaBpwi4PP0Dio5/2013-10-03%2010.00.43.jpg"
 ],
 "thumbnailUrl": null,
 "headline": null,
 "abstract": [],
 "theme/category": "Atmospheric CO mole fraction time series",
 "dateCreated": null,
 "creditText": null,
 "datePublished": "2021-05-12",
 "producer": null,
 "author": [
  "Paolo Cristofanelli",
  "Pamela Trisolino"
 ],
 "spatialCoverage": [
  10.6999,
  44.1936,
  2165.0
 ],
 "url": "https://data.icos-cp.eu/objects/db6-m8CQndUqVyxkzqBejJCF",
 "temporal": "2021-05-12",
 "sponsor": null,
 "size": 120267,
 "sdPublisher": null,
 "sdLicense": null,
 "sameAs": null,
 "publication": null,
 "provider": "Atmosphere Thematic Centre",
 "position": null,
 "name": "ICOS_ATC_NRT_CMN_2020-06-01_2021-05-11_8.0_590_CO.zip",
 "measurementTechnique": "Meteorological station",
 "material": null,
 "maintainer": null,
 "locationCreated": "[10.6999, 44.1936, 2165.0]",
 "issn": null,
 "isPartOf": [],
 "isBasedOn": null,
 "isAccessibleForFree": null,
 "includedInDataCatalog": null,
 "editor": null,
 "editEIDR": null,
 "copyrightYear": null,
 "copyrightNotice": null,
 "copyrightHolder": null,
 "contributor": null,
 "contentReferenceTime": null,
 "contentLocation": null,
 "character": null,
 "acquireLicensePage": null,
 "accessModeSufficient": null,
 "about": null,
 "rights": null,
 "relation": null,
 "qualified_relation": null,
 "qualified_attribution": null,
 "previous_version": null,
 "landing_page": "https://meta.icos-cp.eu/objects/db6-m8CQndUqVyxkzqBejJCF",
 "is_referenced_by": null,
 "in_series": null,
 "has_version": null,
 "has_policy": null,
 "has_current_version": null,
 "useConstraints": null,
 "status": null,
 "spatialRepresentationType": null,
 "spatialRepresentationInfo": null,
 "scope": null,
 "responsibleParty": "National Research Council of Italy, Institute of Atmospheric Sciences and Climate (CNR-ISAC)",
 "releasability": null,
 "reference": null,
 "purpose": null,
 "otherLocale": null,
 "metadataProfile": null,
 "metadataLinkage": null,
 "metadataIdentifier": null,
 "MD_LegalConstraints": null,
 "MD_Identification": null,
 "environmentDescription": null,
 "distributor": "ICOS",
 "distributionInfo": null,
 "dataQualityInfo": null,
 "contentInfo": null,
 "contact": null
}