{
 "description": null,
 "identifier": "11676/NabkpYS6vXk8AJNh1fbXcJB6",
 "keywords": [
  "CO2",
  "concentration",
  "ICOS"
 ],
 "language": null,
 "accessibilitySummary": null,
 "accountablePerson": null,
 "version": null,
 "temporalCoverage": "2020-06-01T00:00:00Z - 2020-06-01T00:00:00Z",
 "publisher": null,
 "spatial": null,
 "license": null,
 "citation": "@misc{https://hdl.handle.net/11676/NabkpYS6vXk8AJNh1fbXcJB6,\r\n  author={Heliasz, M., Biermann, T.},\r\n  title={ICOS ATC NRT CO2 growing time series, Hyltemossa (150.0 m), 2020-06-01–2021-05-11},\r\n  year={2021},\r\n  url={https://hdl.handle.net/11676/NabkpYS6vXk8AJNh1fbXcJB6},\r\n  publisher={Atmosphere Thematic Centre},\r\n  copyright={https://creativecommons.org/licenses/by/4.0/},\r\n  pid={11676/NabkpYS6vXk8AJNh1fbXcJB6}\r\n}",
 "type/genre": "Atmospheric data",
 "creator": null,
 "update/modification_date": null,
 "distribution": null,
 "image": [
  "https://meta.icos-cp.eu/files/655_ISiY9jPRX2HHmCEW1_ux/Hyltemossa%202.JPG"
 ],
 "thumbnailUrl": null,
 "headline": null,
 "abstract": [
  "Automatically-produced, daily-growing (by data object deprecation) data on molar fraction of atmospheric CO2. The data starts from the last respective L2 release."
 ],
 "theme/category": "Atmospheric CO2 mole fraction time series",
 "dateCreated": null,
 "creditText": null,
 "datePublished": "2021-05-12",
 "producer": null,
 "author": [
  "Michal Heliasz",
  "Tobias Biermann"
 ],
 "spatialCoverage": [
  13.4189,
  56.0976,
  115.0
 ],
 "url": "https://data.icos-cp.eu/objects/NabkpYS6vXk8AJNh1fbXcJB6",
 "temporal": "2021-05-12",
 "sponsor": null,
 "size": 114824,
 "sdPublisher": null,
 "sdLicense": null,
 "sameAs": null,
 "publication": null,
 "provider": "Atmosphere Thematic Centre",
 "position": null,
 "name": "ICOS_ATC_NRT_HTM_2020-06-01_2021-05-11_150.0_463-461_CO2.zip",
 "measurementTechnique": "CO2-CH4-CO-H2O Picarro Analyzer",
 "material": null,
 "maintainer": null,
 "locationCreated": "[13.4189, 56.0976, 115.0]",
 "issn": null,
 "isPartOf": [],
 "isBasedOn": null,
 "isAccessibleForFree": null,
 "includedInDataCatalog": null,
 "editor": null,
 "editEIDR": null,
 "copyrightYear": null,
 "copyrightNotice": null,
 "copyrightHolder": null,
 "contributor": null,
 "contentReferenceTime": null,
 "contentLocation": null,
 "character": null,
 "acquireLicensePage": null,
 "accessModeSufficient": null,
 "about": null,
 "rights": null,
 "relation": null,
 "qualified_relation": null,
 "qualified_attribution": null,
 "previous_version": null,
 "landing_page": "https://meta.icos-cp.eu/objects/NabkpYS6vXk8AJNh1fbXcJB6",
 "is_referenced_by": null,
 "in_series": null,
 "has_version": null,
 "has_policy": null,
 "has_current_version": null,
 "useConstraints": null,
 "status": null,
 "spatialRepresentationType": null,
 "spatialRepresentationInfo": null,
 "scope": null,
 "responsibleParty": "Centre for Environmental and Climate Research, Lund University",
 "releasability": null,
 "reference": null,
 "purpose": null,
 "otherLocale": null,
 "metadataProfile": null,
 "metadataLinkage": null,
 "metadataIdentifier": null,
 "MD_LegalConstraints": null,
 "MD_Identification": null,
 "environmentDescription": null,
 "distributor": "ICOS",
 "distributionInfo": null,
 "dataQualityInfo": null,
 "contentInfo": null,
 "contact": null
}