{
 "description": "N/A",
 "identifier": "11676/NabkpYS6vXk8AJNh1fbXcJB6",
 "keywords": [
  "CO2",
  "concentration",
  "ICOS"
 ],
 "language": "N/A",
 "accessibilitySummary": "N/A",
 "accountablePerson": "N/A",
 "version": "N/A",
 "temporalCoverage": "2020-06-01T00:00:00Z - 2020-06-01T00:00:00Z",
 "publisher": "N/A",
 "spatial": "N/A",
 "longitude": 13.4189,
 "latitude": 56.0976,
 "license": "N/A",
 "citation": "@misc{https://hdl.handle.net/11676/NabkpYS6vXk8AJNh1fbXcJB6,\r\n  author={Heliasz, M., Biermann, T.},\r\n  title={ICOS ATC NRT CO2 growing time series, Hyltemossa (150.0 m), 2020-06-01–2021-05-11},\r\n  year={2021},\r\n  url={https://hdl.handle.net/11676/NabkpYS6vXk8AJNh1fbXcJB6},\r\n  publisher={Atmosphere Thematic Centre},\r\n  copyright={https://creativecommons.org/licenses/by/4.0/},\r\n  pid={11676/NabkpYS6vXk8AJNh1fbXcJB6}\r\n}",
 "genre": "Atmospheric data",
 "creator": "N/A",
 "modification_date": "N/A",
 "distribution": "N/A",
 "image": [
  "https://meta.icos-cp.eu/files/655_ISiY9jPRX2HHmCEW1_ux/Hyltemossa%202.JPG"
 ],
 "thumbnailUrl": "N/A",
 "headline": "N/A",
 "abstract": [
  "Automatically-produced, daily-growing (by data object deprecation) data on molar fraction of atmospheric CO2. The data starts from the last respective L2 release."
 ],
 "category": "Atmospheric CO2 mole fraction time series",
 "dateCreated": "2021-05-12",
 "creditText": "N/A",
 "datePublished": "2021-05-12",
 "producer": "N/A",
 "author": [
  "Michal Heliasz",
  "Tobias Biermann"
 ],
 "spatialCoverage": [
  13.4189,
  56.0976
 ],
 "url": "https://data.icos-cp.eu/objects/NabkpYS6vXk8AJNh1fbXcJB6",
 "temporal": "2021-05-12",
 "sponsor": "N/A",
 "size": 114824,
 "sdPublisher": "N/A",
 "sdLicense": "N/A",
 "sameAs": "N/A",
 "publication": "N/A",
 "provider": "Atmosphere Thematic Centre",
 "position": "N/A",
 "name": "ICOS_ATC_NRT_HTM_2020-06-01_2021-05-11_150.0_463-461_CO2.zip",
 "measurementTechnique": "CO2-CH4-CO-H2O Picarro Analyzer",
 "material": "N/A",
 "maintainer": "N/A",
 "locationCreated": "[13.4189, 56.0976, 115.0]",
 "issn": "N/A",
 "isPartOf": [],
 "isBasedOn": "N/A",
 "isAccessibleForFree": "N/A",
 "includedInDataCatalog": "N/A",
 "editor": "N/A",
 "editEIDR": "N/A",
 "copyrightYear": "N/A",
 "copyrightNotice": "N/A",
 "copyrightHolder": "N/A",
 "contributor": "N/A",
 "contentReferenceTime": "N/A",
 "contentLocation": "N/A",
 "character": "N/A",
 "acquireLicensePage": "N/A",
 "accessModeSufficient": "N/A",
 "about": "N/A",
 "rights": "N/A",
 "relation": "N/A",
 "qualified_relation": "N/A",
 "qualified_attribution": "N/A",
 "previous_version": "N/A",
 "landing_page": "https://meta.icos-cp.eu/objects/NabkpYS6vXk8AJNh1fbXcJB6",
 "is_referenced_by": "N/A",
 "in_series": "N/A",
 "has_version": "N/A",
 "has_policy": "N/A",
 "has_current_version": "N/A",
 "useConstraints": "N/A",
 "status": "N/A",
 "spatialRepresentationType": "N/A",
 "spatialRepresentationInfo": "N/A",
 "scope": "N/A",
 "responsibleParty": "Centre for Environmental and Climate Research, Lund University",
 "releasability": "N/A",
 "reference": "N/A",
 "purpose": "N/A",
 "otherLocale": "N/A",
 "metadataProfile": "N/A",
 "metadataLinkage": "N/A",
 "metadataIdentifier": "N/A",
 "MD_LegalConstraints": "N/A",
 "MD_Identification": "N/A",
 "environmentDescription": "N/A",
 "distributor": "ICOS",
 "distributionInfo": "N/A",
 "dataQualityInfo": "N/A",
 "contentInfo": "N/A",
 "contact": "N/A"
}