{
 "description": null,
 "identifier": "11676/MTMQZQGj3fAfbnI0h8piEPE5",
 "keywords": [
  "meteo",
  "ICOS"
 ],
 "language": null,
 "accessibilitySummary": null,
 "accountablePerson": null,
 "version": null,
 "temporalCoverage": "2020-06-01T00:00:00Z - 2020-06-01T00:00:00Z",
 "publisher": null,
 "spatial": null,
 "license": null,
 "citation": "@misc{https://hdl.handle.net/11676/MTMQZQGj3fAfbnI0h8piEPE5,\r\n  author={di Sarra, A., Piacentino, S.},\r\n  title={ICOS ATC NRT Meteo growing time series, Lampedusa (2.0 m), 2020-06-01–2021-05-11},\r\n  year={2021},\r\n  url={https://hdl.handle.net/11676/MTMQZQGj3fAfbnI0h8piEPE5},\r\n  publisher={Atmosphere Thematic Centre},\r\n  copyright={https://creativecommons.org/licenses/by/4.0/},\r\n  pid={11676/MTMQZQGj3fAfbnI0h8piEPE5}\r\n}",
 "type/genre": "Atmospheric data",
 "creator": null,
 "update/modification_date": null,
 "distribution": null,
 "image": [
  "http://www.actris.it/images/C_Lampedusa.jpg"
 ],
 "thumbnailUrl": null,
 "headline": null,
 "abstract": [
  "Automatically-produced, daily-growing (by data object deprecation) meteo data. The data starts from the last respective L2 release."
 ],
 "theme/category": "Atmospheric meteo time series",
 "dateCreated": null,
 "creditText": null,
 "datePublished": "2021-05-12",
 "producer": null,
 "author": [
  "Alcide di Sarra",
  "Salvatore Piacentino"
 ],
 "spatialCoverage": [
  12.6322,
  35.5181,
  45.0
 ],
 "url": "https://data.icos-cp.eu/objects/MTMQZQGj3fAfbnI0h8piEPE5",
 "temporal": "2021-05-12",
 "sponsor": null,
 "size": 207345,
 "sdPublisher": null,
 "sdLicense": null,
 "sameAs": null,
 "publication": null,
 "provider": "Atmosphere Thematic Centre",
 "position": null,
 "name": "ICOS_ATC_NRT_LMP_2020-06-01_2021-05-11_2.0_1042_MTO.zip",
 "measurementTechnique": "Meteorological station for the third level",
 "material": null,
 "maintainer": null,
 "locationCreated": "[12.6322, 35.5181, 45.0]",
 "issn": null,
 "isPartOf": [],
 "isBasedOn": null,
 "isAccessibleForFree": null,
 "includedInDataCatalog": null,
 "editor": null,
 "editEIDR": null,
 "copyrightYear": null,
 "copyrightNotice": null,
 "copyrightHolder": null,
 "contributor": null,
 "contentReferenceTime": null,
 "contentLocation": null,
 "character": null,
 "acquireLicensePage": null,
 "accessModeSufficient": null,
 "about": null,
 "rights": null,
 "relation": null,
 "qualified_relation": null,
 "qualified_attribution": null,
 "previous_version": null,
 "landing_page": "https://meta.icos-cp.eu/objects/MTMQZQGj3fAfbnI0h8piEPE5",
 "is_referenced_by": null,
 "in_series": null,
 "has_version": null,
 "has_policy": null,
 "has_current_version": null,
 "useConstraints": null,
 "status": null,
 "spatialRepresentationType": null,
 "spatialRepresentationInfo": null,
 "scope": null,
 "responsibleParty": "Ente per le Nuove Tecnologie, l'Energia e l'Ambiente",
 "releasability": null,
 "reference": null,
 "purpose": null,
 "otherLocale": null,
 "metadataProfile": null,
 "metadataLinkage": null,
 "metadataIdentifier": null,
 "MD_LegalConstraints": null,
 "MD_Identification": null,
 "environmentDescription": null,
 "distributor": "ICOS",
 "distributionInfo": null,
 "dataQualityInfo": null,
 "contentInfo": null,
 "contact": null
}