{
 "description": "N/A",
 "identifier": "11676/Msxml8TlWbHvmQmDD6EdVgPc",
 "keywords": [
  "meteo",
  "ICOS"
 ],
 "language": "N/A",
 "accessibilitySummary": "N/A",
 "accountablePerson": "N/A",
 "version": "N/A",
 "temporalCoverage": "2020-06-01T00:00:00Z - 2020-06-01T00:00:00Z",
 "publisher": "N/A",
 "spatial": "N/A",
 "longitude": 6.3528,
 "latitude": 53.4036,
 "license": "N/A",
 "citation": "@misc{https://hdl.handle.net/11676/Msxml8TlWbHvmQmDD6EdVgPc,\r\n  author={Chen, H., Scheeren, B.},\r\n  title={ICOS ATC NRT Meteo growing time series, Lutjewad (7.0 m), 2020-06-01–2021-05-12},\r\n  year={2021},\r\n  url={https://hdl.handle.net/11676/Msxml8TlWbHvmQmDD6EdVgPc},\r\n  publisher={Atmosphere Thematic Centre},\r\n  copyright={https://creativecommons.org/licenses/by/4.0/},\r\n  pid={11676/Msxml8TlWbHvmQmDD6EdVgPc}\r\n}",
 "genre": "Atmospheric data",
 "creator": "N/A",
 "modification_date": "N/A",
 "distribution": "N/A",
 "image": [
  "https://meta.icos-cp.eu/files/Btx3XwB-pvaCd7dQHa0B9icw/Lutjewadlocation.jpg"
 ],
 "thumbnailUrl": "N/A",
 "headline": "N/A",
 "abstract": [
  "Automatically-produced, daily-growing (by data object deprecation) meteo data. The data starts from the last respective L2 release."
 ],
 "category": "Atmospheric meteo time series",
 "dateCreated": "2021-05-12",
 "creditText": "N/A",
 "datePublished": "2021-05-12",
 "producer": "N/A",
 "author": [
  "Huilin Chen",
  "Bert Scheeren"
 ],
 "spatialCoverage": [
  6.3528,
  53.4036
 ],
 "url": "https://data.icos-cp.eu/objects/Msxml8TlWbHvmQmDD6EdVgPc",
 "temporal": "2021-05-12",
 "sponsor": "N/A",
 "size": 102675,
 "sdPublisher": "N/A",
 "sdLicense": "N/A",
 "sameAs": "N/A",
 "publication": "N/A",
 "provider": "Atmosphere Thematic Centre",
 "position": "N/A",
 "name": "ICOS_ATC_NRT_LUT_2020-06-01_2021-05-12_7.0_813_MTO.zip",
 "measurementTechnique": "Meteorological station for the third level",
 "material": "N/A",
 "maintainer": "N/A",
 "locationCreated": "[6.3528, 53.4036, 1.0]",
 "issn": "N/A",
 "isPartOf": [],
 "isBasedOn": "N/A",
 "isAccessibleForFree": "N/A",
 "includedInDataCatalog": "N/A",
 "editor": "N/A",
 "editEIDR": "N/A",
 "copyrightYear": "N/A",
 "copyrightNotice": "N/A",
 "copyrightHolder": "N/A",
 "contributor": "N/A",
 "contentReferenceTime": "N/A",
 "contentLocation": "N/A",
 "character": "N/A",
 "acquireLicensePage": "N/A",
 "accessModeSufficient": "N/A",
 "about": "N/A",
 "rights": "N/A",
 "relation": "N/A",
 "qualified_relation": "N/A",
 "qualified_attribution": "N/A",
 "previous_version": "N/A",
 "landing_page": "https://meta.icos-cp.eu/objects/Msxml8TlWbHvmQmDD6EdVgPc",
 "is_referenced_by": "N/A",
 "in_series": "N/A",
 "has_version": "N/A",
 "has_policy": "N/A",
 "has_current_version": "N/A",
 "useConstraints": "N/A",
 "status": "N/A",
 "spatialRepresentationType": "N/A",
 "spatialRepresentationInfo": "N/A",
 "scope": "N/A",
 "responsibleParty": "Rijksuniversiteit Groningen",
 "releasability": "N/A",
 "reference": "N/A",
 "purpose": "N/A",
 "otherLocale": "N/A",
 "metadataProfile": "N/A",
 "metadataLinkage": "N/A",
 "metadataIdentifier": "N/A",
 "MD_LegalConstraints": "N/A",
 "MD_Identification": "N/A",
 "environmentDescription": "N/A",
 "distributor": "ICOS",
 "distributionInfo": "N/A",
 "dataQualityInfo": "N/A",
 "contentInfo": "N/A",
 "contact": "N/A"
}