{
 "description": "N/A",
 "identifier": "11676/EEud6Syk7ZipqBou2dP9TcbQ",
 "keywords": [
  "ICOS"
 ],
 "language": "N/A",
 "accessibilitySummary": "N/A",
 "accountablePerson": "N/A",
 "version": "N/A",
 "temporalCoverage": "2021-05-09T23:00:00Z - 2021-05-09T23:00:00Z",
 "publisher": "N/A",
 "spatial": "N/A",
 "longitude": 5.631851,
 "latitude": 50.97987,
 "license": "N/A",
 "citation": "@misc{https://hdl.handle.net/11676/EEud6Syk7ZipqBou2dP9TcbQ,\r\n  author={De Meulder, T., Lefevre, L., Roland, M., Segers, J., Van Look, J.},\r\n  title={ICOS ETC Bio Meteo Raw ASCII, Maasmechelen, 2021-05-10},\r\n  year={2021},\r\n  url={https://hdl.handle.net/11676/EEud6Syk7ZipqBou2dP9TcbQ},\r\n  publisher={Maasmechelen},\r\n  copyright={https://creativecommons.org/licenses/by/4.0/},\r\n  pid={11676/EEud6Syk7ZipqBou2dP9TcbQ}\r\n}",
 "genre": "Ecosystem data",
 "creator": "N/A",
 "modification_date": "N/A",
 "distribution": "N/A",
 "image": [
  "https://fileshare.icos-cp.eu/s/qspXYwgTtwemdoJ/preview"
 ],
 "thumbnailUrl": "N/A",
 "headline": "N/A",
 "abstract": [],
 "category": "OTC SOOP dataset",
 "dateCreated": "2021-05-10",
 "creditText": "N/A",
 "datePublished": "2021-05-10",
 "producer": "N/A",
 "author": [
  "Tim De Meulder",
  "Lodewijk Lefevre",
  "Marilyn Roland",
  "Jan Segers",
  "Jasper Van Look"
 ],
 "spatialCoverage": [
  5.631851,
  50.97987
 ],
 "url": "https://data.icos-cp.eu/objects/mt6XnQnUn-9Sam29tMiWpzF_",
 "temporal": "2021-05-10",
 "sponsor": "N/A",
 "size": 33637,
 "sdPublisher": "N/A",
 "sdLicense": "N/A",
 "sameAs": "N/A",
 "publication": "N/A",
 "provider": "Maasmechelen",
 "position": "N/A",
 "name": "BE-Maa_BM_20210510_L06_F01.zip",
 "measurementTechnique": "N/A",
 "material": "N/A",
 "maintainer": "N/A",
 "locationCreated": "[5.631851, 50.97987, 87.0]",
 "issn": "N/A",
 "isPartOf": [],
 "isBasedOn": "N/A",
 "isAccessibleForFree": "N/A",
 "includedInDataCatalog": "N/A",
 "editor": "N/A",
 "editEIDR": "N/A",
 "copyrightYear": "N/A",
 "copyrightNotice": "N/A",
 "copyrightHolder": "N/A",
 "contributor": "N/A",
 "contentReferenceTime": "N/A",
 "contentLocation": "N/A",
 "character": "N/A",
 "acquireLicensePage": "N/A",
 "accessModeSufficient": "N/A",
 "about": "N/A",
 "rights": "N/A",
 "relation": "N/A",
 "qualified_relation": "N/A",
 "qualified_attribution": "N/A",
 "previous_version": "N/A",
 "landing_page": "https://meta.icos-cp.eu/objects/EEud6Syk7ZipqBou2dP9TcbQ",
 "is_referenced_by": "N/A",
 "in_series": "N/A",
 "has_version": "N/A",
 "has_policy": "N/A",
 "has_current_version": "N/A",
 "useConstraints": "N/A",
 "status": "N/A",
 "spatialRepresentationType": "N/A",
 "spatialRepresentationInfo": "N/A",
 "scope": "N/A",
 "responsibleParty": "NORCE Norwegian Research Centre AS",
 "releasability": "N/A",
 "reference": "N/A",
 "purpose": "N/A",
 "otherLocale": "N/A",
 "metadataProfile": "N/A",
 "metadataLinkage": "N/A",
 "metadataIdentifier": "N/A",
 "MD_LegalConstraints": "N/A",
 "MD_Identification": "N/A",
 "environmentDescription": "N/A",
 "distributor": "ICOS",
 "distributionInfo": "N/A",
 "dataQualityInfo": "N/A",
 "contentInfo": "N/A",
 "contact": "N/A"
}