{
 "description": "N/A",
 "identifier": "11676/H69TX8PjTEWkk_qn7DkZc-sC",
 "keywords": [
  "ICOS"
 ],
 "language": "N/A",
 "accessibilitySummary": "N/A",
 "accountablePerson": "N/A",
 "version": "N/A",
 "temporalCoverage": "2021-05-09T23:00:00Z - 2021-05-09T23:00:00Z",
 "publisher": "N/A",
 "spatial": "N/A",
 "longitude": 7.9851,
 "latitude": 46.5475,
 "license": "N/A",
 "citation": "@misc{https://hdl.handle.net/11676/H69TX8PjTEWkk_qn7DkZc-sC,\r\n  author={Arriga, N., Dell'Acqua, A., Matteucci, M.},\r\n  title={ICOS ETC Bio Meteo Raw ASCII, San Rossore 2, 2021-05-10},\r\n  year={2021},\r\n  url={https://hdl.handle.net/11676/H69TX8PjTEWkk_qn7DkZc-sC},\r\n  publisher={San Rossore 2},\r\n  copyright={https://creativecommons.org/licenses/by/4.0/},\r\n  pid={11676/H69TX8PjTEWkk_qn7DkZc-sC}\r\n}",
 "genre": "Ecosystem data",
 "creator": "N/A",
 "modification_date": "N/A",
 "distribution": "N/A",
 "image": [
  "https://fileshare.icos-cp.eu/s/nKYFGM5Ygr4ro35/preview"
 ],
 "thumbnailUrl": "N/A",
 "headline": "N/A",
 "abstract": [],
 "category": "Atmospheric radon time series",
 "dateCreated": "2021-05-10",
 "creditText": "N/A",
 "datePublished": "2021-05-10",
 "producer": "N/A",
 "author": [
  "Nicola Arriga",
  "Alessandro Dell'Acqua",
  "Marco Matteucci"
 ],
 "spatialCoverage": [
  7.9851,
  46.5475
 ],
 "url": "https://data.icos-cp.eu/objects/pKuel6sVht5Xn3vhNdbQQFDB",
 "temporal": "2021-05-10",
 "sponsor": "N/A",
 "size": 6988,
 "sdPublisher": "N/A",
 "sdLicense": "N/A",
 "sameAs": "N/A",
 "publication": "N/A",
 "provider": "San Rossore 2",
 "position": "N/A",
 "name": "IT-SR2_BM_20210510_L05_F03.zip",
 "measurementTechnique": "N/A",
 "material": "N/A",
 "maintainer": "N/A",
 "locationCreated": "[7.9851, 46.5475, 3580.0]",
 "issn": "N/A",
 "isPartOf": [],
 "isBasedOn": "N/A",
 "isAccessibleForFree": "N/A",
 "includedInDataCatalog": "N/A",
 "editor": "N/A",
 "editEIDR": "N/A",
 "copyrightYear": "N/A",
 "copyrightNotice": "N/A",
 "copyrightHolder": "N/A",
 "contributor": "N/A",
 "contentReferenceTime": "N/A",
 "contentLocation": "N/A",
 "character": "N/A",
 "acquireLicensePage": "N/A",
 "accessModeSufficient": "N/A",
 "about": "N/A",
 "rights": "N/A",
 "relation": "N/A",
 "qualified_relation": "N/A",
 "qualified_attribution": "N/A",
 "previous_version": "N/A",
 "landing_page": "https://meta.icos-cp.eu/objects/H69TX8PjTEWkk_qn7DkZc-sC",
 "is_referenced_by": "N/A",
 "in_series": "N/A",
 "has_version": "N/A",
 "has_policy": "N/A",
 "has_current_version": "N/A",
 "useConstraints": "N/A",
 "status": "N/A",
 "spatialRepresentationType": "N/A",
 "spatialRepresentationInfo": "N/A",
 "scope": "N/A",
 "responsibleParty": "International Foundation High Altitude Research Stations Jungfraujoch and Gornergrat",
 "releasability": "N/A",
 "reference": "N/A",
 "purpose": "N/A",
 "otherLocale": "N/A",
 "metadataProfile": "N/A",
 "metadataLinkage": "N/A",
 "metadataIdentifier": "N/A",
 "MD_LegalConstraints": "N/A",
 "MD_Identification": "N/A",
 "environmentDescription": "N/A",
 "distributor": "ICOS",
 "distributionInfo": "N/A",
 "dataQualityInfo": "N/A",
 "contentInfo": "N/A",
 "contact": "N/A"
}