{
 "description": "N/A",
 "identifier": "11676/hoRYb8mWr3yGL0LRUKFY4TAZ",
 "keywords": [
  "ICOS"
 ],
 "language": "N/A",
 "accessibilitySummary": "N/A",
 "accountablePerson": "N/A",
 "version": "N/A",
 "temporalCoverage": "2021-05-10T23:00:00Z - 2021-05-10T23:00:00Z",
 "publisher": "N/A",
 "spatial": "N/A",
 "longitude": 18.53688,
 "latitude": 49.50208,
 "license": "N/A",
 "citation": "@misc{https://hdl.handle.net/11676/hoRYb8mWr3yGL0LRUKFY4TAZ,\r\n  author={Czerný, R., Darenová, E., Fischer, M., Foltýnová, L., Jocher, G., Kowalska, N., Krejza, J., Marek, M., Nezval, O., Pavelka, M., Staník, K., Trusina, J., Šigut, L., Šlížek, J.},\r\n  title={ICOS ETC Eddy Flux Raw ASCII daily archive, Bily Kriz forest, 2021-05-11},\r\n  year={2021},\r\n  url={https://hdl.handle.net/11676/hoRYb8mWr3yGL0LRUKFY4TAZ},\r\n  publisher={Bily Kriz forest},\r\n  copyright={https://creativecommons.org/licenses/by/4.0/},\r\n  pid={11676/hoRYb8mWr3yGL0LRUKFY4TAZ}\r\n}",
 "genre": "Ecosystem data",
 "creator": "N/A",
 "modification_date": "N/A",
 "distribution": "N/A",
 "image": [],
 "thumbnailUrl": "N/A",
 "headline": "N/A",
 "abstract": [],
 "category": "Atmospheric radon time series",
 "dateCreated": "2021-05-11",
 "creditText": "N/A",
 "datePublished": "2021-05-11",
 "producer": "N/A",
 "author": [
  "Radek Czerný",
  "Eva Darenová",
  "Milan Fischer",
  "Lenka Foltýnová",
  "Georg Jocher",
  "Natalia Kowalska",
  "Jan Krejza",
  "Michal Marek",
  "Ondrej Nezval",
  "Marian Pavelka",
  "Karel Staník",
  "Jan Trusina",
  "Ladislav Šigut",
  "Jirí Šlížek"
 ],
 "spatialCoverage": [
  18.53688,
  49.50208
 ],
 "url": "https://data.icos-cp.eu/objects/pKuel6sVht5Xn3vhNdbQQFDB",
 "temporal": "2021-05-11",
 "sponsor": "N/A",
 "size": 128838123,
 "sdPublisher": "N/A",
 "sdLicense": "N/A",
 "sameAs": "N/A",
 "publication": "N/A",
 "provider": "Bily Kriz forest",
 "position": "N/A",
 "name": "CZ-BK1_EC_20210511_L01_F01.zip",
 "measurementTechnique": "N/A",
 "material": "N/A",
 "maintainer": "N/A",
 "locationCreated": "[18.53688, 49.50208, 875.0]",
 "issn": "N/A",
 "isPartOf": [],
 "isBasedOn": "N/A",
 "isAccessibleForFree": "N/A",
 "includedInDataCatalog": "N/A",
 "editor": "N/A",
 "editEIDR": "N/A",
 "copyrightYear": "N/A",
 "copyrightNotice": "N/A",
 "copyrightHolder": "N/A",
 "contributor": "N/A",
 "contentReferenceTime": "N/A",
 "contentLocation": "N/A",
 "character": "N/A",
 "acquireLicensePage": "N/A",
 "accessModeSufficient": "N/A",
 "about": "N/A",
 "rights": "N/A",
 "relation": "N/A",
 "qualified_relation": "N/A",
 "qualified_attribution": "N/A",
 "previous_version": "N/A",
 "landing_page": "https://meta.icos-cp.eu/objects/hoRYb8mWr3yGL0LRUKFY4TAZ",
 "is_referenced_by": "N/A",
 "in_series": "N/A",
 "has_version": "N/A",
 "has_policy": "N/A",
 "has_current_version": "N/A",
 "useConstraints": "N/A",
 "status": "N/A",
 "spatialRepresentationType": "N/A",
 "spatialRepresentationInfo": "N/A",
 "scope": "N/A",
 "responsibleParty": "International Foundation High Altitude Research Stations Jungfraujoch and Gornergrat",
 "releasability": "N/A",
 "reference": "N/A",
 "purpose": "N/A",
 "otherLocale": "N/A",
 "metadataProfile": "N/A",
 "metadataLinkage": "N/A",
 "metadataIdentifier": "N/A",
 "MD_LegalConstraints": "N/A",
 "MD_Identification": "N/A",
 "environmentDescription": "N/A",
 "distributor": "ICOS",
 "distributionInfo": "N/A",
 "dataQualityInfo": "N/A",
 "contentInfo": "N/A",
 "contact": "N/A"
}