{
 "description": "N/A",
 "identifier": "11676/H6YBCcmxBwpUZ5xcrXSfpJy7",
 "keywords": [
  "ICOS"
 ],
 "language": "N/A",
 "accessibilitySummary": "N/A",
 "accountablePerson": "N/A",
 "version": "N/A",
 "temporalCoverage": "2021-05-10T23:00:00Z - 2021-05-10T23:00:00Z",
 "publisher": "N/A",
 "spatial": "N/A",
 "longitude": 11.43369,
 "latitude": 46.58686,
 "license": "N/A",
 "citation": "@misc{https://hdl.handle.net/11676/H6YBCcmxBwpUZ5xcrXSfpJy7,\r\n  author={Bortoli, M., Cobbe, I., Montagnani, L., Stecher, M., Tenca, F.},\r\n  title={ICOS ETC Bio Meteo Raw binary, Renon, 2021-05-11},\r\n  year={2021},\r\n  url={https://hdl.handle.net/11676/H6YBCcmxBwpUZ5xcrXSfpJy7},\r\n  publisher={Renon},\r\n  copyright={https://creativecommons.org/licenses/by/4.0/},\r\n  pid={11676/H6YBCcmxBwpUZ5xcrXSfpJy7}\r\n}",
 "genre": "Ecosystem data",
 "creator": "N/A",
 "modification_date": "N/A",
 "distribution": "N/A",
 "image": [
  "https://fileshare.icos-cp.eu/s/ttQ3kTQYxKsrXqw/preview"
 ],
 "thumbnailUrl": "N/A",
 "headline": "N/A",
 "abstract": [],
 "category": "Atmospheric radon time series",
 "dateCreated": "2021-05-12",
 "creditText": "N/A",
 "datePublished": "2021-05-12",
 "producer": "N/A",
 "author": [
  "Massimo Bortoli",
  "Ivo Cobbe",
  "Leonardo Montagnani",
  "Martin Stecher",
  "Fabio Tenca"
 ],
 "spatialCoverage": [
  11.43369,
  46.58686
 ],
 "url": "https://data.icos-cp.eu/objects/pKuel6sVht5Xn3vhNdbQQFDB",
 "temporal": "2021-05-12",
 "sponsor": "N/A",
 "size": 898560,
 "sdPublisher": "N/A",
 "sdLicense": "N/A",
 "sameAs": "N/A",
 "publication": "N/A",
 "provider": "Renon",
 "position": "N/A",
 "name": "IT-Ren_BM_20210511_L02_F01.bin",
 "measurementTechnique": "N/A",
 "material": "N/A",
 "maintainer": "N/A",
 "locationCreated": "[11.43369, 46.58686, 1735.6]",
 "issn": "N/A",
 "isPartOf": [],
 "isBasedOn": "N/A",
 "isAccessibleForFree": "N/A",
 "includedInDataCatalog": "N/A",
 "editor": "N/A",
 "editEIDR": "N/A",
 "copyrightYear": "N/A",
 "copyrightNotice": "N/A",
 "copyrightHolder": "N/A",
 "contributor": "N/A",
 "contentReferenceTime": "N/A",
 "contentLocation": "N/A",
 "character": "N/A",
 "acquireLicensePage": "N/A",
 "accessModeSufficient": "N/A",
 "about": "N/A",
 "rights": "N/A",
 "relation": "N/A",
 "qualified_relation": "N/A",
 "qualified_attribution": "N/A",
 "previous_version": "N/A",
 "landing_page": "https://meta.icos-cp.eu/objects/H6YBCcmxBwpUZ5xcrXSfpJy7",
 "is_referenced_by": "N/A",
 "in_series": "N/A",
 "has_version": "N/A",
 "has_policy": "N/A",
 "has_current_version": "N/A",
 "useConstraints": "N/A",
 "status": "N/A",
 "spatialRepresentationType": "N/A",
 "spatialRepresentationInfo": "N/A",
 "scope": "N/A",
 "responsibleParty": "International Foundation High Altitude Research Stations Jungfraujoch and Gornergrat",
 "releasability": "N/A",
 "reference": "N/A",
 "purpose": "N/A",
 "otherLocale": "N/A",
 "metadataProfile": "N/A",
 "metadataLinkage": "N/A",
 "metadataIdentifier": "N/A",
 "MD_LegalConstraints": "N/A",
 "MD_Identification": "N/A",
 "environmentDescription": "N/A",
 "distributor": "ICOS",
 "distributionInfo": "N/A",
 "dataQualityInfo": "N/A",
 "contentInfo": "N/A",
 "contact": "N/A"
}