{
 "description": "N/A",
 "identifier": "11676/hs4j7vDifZ4MgI6FOU0d4ZVM",
 "keywords": [
  "ICOS"
 ],
 "language": "N/A",
 "accessibilitySummary": "N/A",
 "accountablePerson": "N/A",
 "version": "N/A",
 "temporalCoverage": "2021-05-09T22:00:00Z - 2021-05-09T22:00:00Z",
 "publisher": "N/A",
 "spatial": "N/A",
 "longitude": 24.19285,
 "latitude": 61.83265,
 "license": "N/A",
 "citation": "@misc{https://hdl.handle.net/11676/hs4j7vDifZ4MgI6FOU0d4ZVM,\r\n  author={Kolari, P., Korrensalo, A., Laakso, H., Mammarella, I., Matilainen, T., Taipale, R., Tuittila, E., Vesala, T.},\r\n  title={ICOS ETC Bio Meteo Raw ASCII, Siikaneva, 2021-05-10},\r\n  year={2021},\r\n  url={https://hdl.handle.net/11676/hs4j7vDifZ4MgI6FOU0d4ZVM},\r\n  publisher={Siikaneva},\r\n  copyright={https://creativecommons.org/licenses/by/4.0/},\r\n  pid={11676/hs4j7vDifZ4MgI6FOU0d4ZVM}\r\n}",
 "genre": "Ecosystem data",
 "creator": "N/A",
 "modification_date": "N/A",
 "distribution": "N/A",
 "image": [
  "https://fileshare.icos-cp.eu/s/SPYyCeNKxQWoB8Q/preview"
 ],
 "thumbnailUrl": "N/A",
 "headline": "N/A",
 "abstract": [],
 "category": "Atmospheric radon time series",
 "dateCreated": "2021-05-11",
 "creditText": "N/A",
 "datePublished": "2021-05-11",
 "producer": "N/A",
 "author": [
  "Pasi Kolari",
  "Aino Korrensalo",
  "Heikki Laakso",
  "Ivan Mammarella",
  "Teemu Matilainen",
  "Risto Taipale",
  "Eeva-Stiina Tuittila",
  "Timo Vesala"
 ],
 "spatialCoverage": [
  24.19285,
  61.83265
 ],
 "url": "https://data.icos-cp.eu/objects/03eziIIuYABZAN2DGimlBaCI",
 "temporal": "2021-05-11",
 "sponsor": "N/A",
 "size": 84996,
 "sdPublisher": "N/A",
 "sdLicense": "N/A",
 "sameAs": "N/A",
 "publication": "N/A",
 "provider": "Siikaneva",
 "position": "N/A",
 "name": "FI-Sii_BM_20210510_L08_F02.csv",
 "measurementTechnique": "N/A",
 "material": "N/A",
 "maintainer": "N/A",
 "locationCreated": "[24.19285, 61.83265, 160.0]",
 "issn": "N/A",
 "isPartOf": [],
 "isBasedOn": "N/A",
 "isAccessibleForFree": "N/A",
 "includedInDataCatalog": "N/A",
 "editor": "N/A",
 "editEIDR": "N/A",
 "copyrightYear": "N/A",
 "copyrightNotice": "N/A",
 "copyrightHolder": "N/A",
 "contributor": "N/A",
 "contentReferenceTime": "N/A",
 "contentLocation": "N/A",
 "character": "N/A",
 "acquireLicensePage": "N/A",
 "accessModeSufficient": "N/A",
 "about": "N/A",
 "rights": "N/A",
 "relation": "N/A",
 "qualified_relation": "N/A",
 "qualified_attribution": "N/A",
 "previous_version": "N/A",
 "landing_page": "https://meta.icos-cp.eu/objects/hs4j7vDifZ4MgI6FOU0d4ZVM",
 "is_referenced_by": "N/A",
 "in_series": "N/A",
 "has_version": "N/A",
 "has_policy": "N/A",
 "has_current_version": "N/A",
 "useConstraints": "N/A",
 "status": "N/A",
 "spatialRepresentationType": "N/A",
 "spatialRepresentationInfo": "N/A",
 "scope": "N/A",
 "responsibleParty": "International Foundation High Altitude Research Stations Jungfraujoch and Gornergrat",
 "releasability": "N/A",
 "reference": "N/A",
 "purpose": "N/A",
 "otherLocale": "N/A",
 "metadataProfile": "N/A",
 "metadataLinkage": "N/A",
 "metadataIdentifier": "N/A",
 "MD_LegalConstraints": "N/A",
 "MD_Identification": "N/A",
 "environmentDescription": "N/A",
 "distributor": "ICOS",
 "distributionInfo": "N/A",
 "dataQualityInfo": "N/A",
 "contentInfo": "N/A",
 "contact": "N/A"
}