{
 "description": "N/A",
 "identifier": "11676/MkFz-fNAQXZt3zfchH4s6k0M",
 "keywords": [
  "ICOS"
 ],
 "language": "N/A",
 "accessibilitySummary": "N/A",
 "accountablePerson": "N/A",
 "version": "N/A",
 "temporalCoverage": "2021-05-10T23:00:00Z - 2021-05-10T23:00:00Z",
 "publisher": "N/A",
 "spatial": "N/A",
 "longitude": -0.956082,
 "latitude": 44.49367,
 "license": "N/A",
 "citation": "@misc{https://hdl.handle.net/11676/MkFz-fNAQXZt3zfchH4s6k0M,\r\n  author={Aluome, C., Chipeaux, C., Denou, J., DEPUYDT, J., Kruszewski, A., Lafont, S., Loustau, D.},\r\n  title={ICOS ETC Bio Meteo Raw ASCII, Bilos, 2021-05-11},\r\n  year={2021},\r\n  url={https://hdl.handle.net/11676/MkFz-fNAQXZt3zfchH4s6k0M},\r\n  publisher={Bilos},\r\n  copyright={https://creativecommons.org/licenses/by/4.0/},\r\n  pid={11676/MkFz-fNAQXZt3zfchH4s6k0M}\r\n}",
 "genre": "Ecosystem data",
 "creator": "N/A",
 "modification_date": "N/A",
 "distribution": "N/A",
 "image": [
  "https://fileshare.icos-cp.eu/s/43CdoB5zM3zTrN9/preview"
 ],
 "thumbnailUrl": "N/A",
 "headline": "N/A",
 "abstract": [],
 "category": "Atmospheric radon time series",
 "dateCreated": "2021-05-12",
 "creditText": "N/A",
 "datePublished": "2021-05-12",
 "producer": "N/A",
 "author": [
  "Christelle Aluome",
  "Christophe Chipeaux",
  "Jean-Luc Denou",
  "Jeremie DEPUYDT",
  "Alain Kruszewski",
  "Sebastien Lafont",
  "Denis Loustau"
 ],
 "spatialCoverage": [
  -0.956082,
  44.49367
 ],
 "url": "https://data.icos-cp.eu/objects/03eziIIuYABZAN2DGimlBaCI",
 "temporal": "2021-05-12",
 "sponsor": "N/A",
 "size": 52280,
 "sdPublisher": "N/A",
 "sdLicense": "N/A",
 "sameAs": "N/A",
 "publication": "N/A",
 "provider": "Bilos",
 "position": "N/A",
 "name": "FR-Bil_BM_20210511_L01_F02.csv",
 "measurementTechnique": "N/A",
 "material": "N/A",
 "maintainer": "N/A",
 "locationCreated": "[-0.956082, 44.49367, 39.18]",
 "issn": "N/A",
 "isPartOf": [],
 "isBasedOn": "N/A",
 "isAccessibleForFree": "N/A",
 "includedInDataCatalog": "N/A",
 "editor": "N/A",
 "editEIDR": "N/A",
 "copyrightYear": "N/A",
 "copyrightNotice": "N/A",
 "copyrightHolder": "N/A",
 "contributor": "N/A",
 "contentReferenceTime": "N/A",
 "contentLocation": "N/A",
 "character": "N/A",
 "acquireLicensePage": "N/A",
 "accessModeSufficient": "N/A",
 "about": "N/A",
 "rights": "N/A",
 "relation": "N/A",
 "qualified_relation": "N/A",
 "qualified_attribution": "N/A",
 "previous_version": "N/A",
 "landing_page": "https://meta.icos-cp.eu/objects/MkFz-fNAQXZt3zfchH4s6k0M",
 "is_referenced_by": "N/A",
 "in_series": "N/A",
 "has_version": "N/A",
 "has_policy": "N/A",
 "has_current_version": "N/A",
 "useConstraints": "N/A",
 "status": "N/A",
 "spatialRepresentationType": "N/A",
 "spatialRepresentationInfo": "N/A",
 "scope": "N/A",
 "responsibleParty": "International Foundation High Altitude Research Stations Jungfraujoch and Gornergrat",
 "releasability": "N/A",
 "reference": "N/A",
 "purpose": "N/A",
 "otherLocale": "N/A",
 "metadataProfile": "N/A",
 "metadataLinkage": "N/A",
 "metadataIdentifier": "N/A",
 "MD_LegalConstraints": "N/A",
 "MD_Identification": "N/A",
 "environmentDescription": "N/A",
 "distributor": "ICOS",
 "distributionInfo": "N/A",
 "dataQualityInfo": "N/A",
 "contentInfo": "N/A",
 "contact": "N/A"
}