{
 "description": "N/A",
 "identifier": "11676/8HCnAVIxr_CBa6bqmTBE_PpR",
 "keywords": [
  "ICOS"
 ],
 "language": "N/A",
 "accessibilitySummary": "N/A",
 "accountablePerson": "N/A",
 "version": "N/A",
 "temporalCoverage": "2021-05-06T00:01:17Z - 2021-05-06T00:01:17Z",
 "publisher": "N/A",
 "spatial": "N/A",
 "longitude": [
  2.336,
  62.577
 ],
 "latitude": [
  2.32,
  62.566
 ],
 "license": "N/A",
 "citation": "@misc{https://hdl.handle.net/11676/8HCnAVIxr_CBa6bqmTBE_PpR,\r\n  author={Skjelvan, I.},\r\n  title={ICOS OTC SOOP NRT Product, NO-SOOP-G.O.Sars, 2021-05-06–2021-05-12},\r\n  year={2021},\r\n  url={https://hdl.handle.net/11676/8HCnAVIxr_CBa6bqmTBE_PpR},\r\n  publisher={Ocean Thematic Centre},\r\n  copyright={https://creativecommons.org/licenses/by/4.0/},\r\n  pid={11676/8HCnAVIxr_CBa6bqmTBE_PpR}\r\n}",
 "genre": "Ocean data",
 "creator": "N/A",
 "modification_date": "N/A",
 "distribution": "N/A",
 "image": [],
 "thumbnailUrl": "N/A",
 "headline": "N/A",
 "abstract": [
  "valid for QuinCe versions from 2.0.0"
 ],
 "category": "OTC SOOP dataset",
 "dateCreated": "2021-05-12",
 "creditText": "N/A",
 "datePublished": "2021-05-12",
 "producer": "N/A",
 "author": [
  "Ingunn Skjelvan"
 ],
 "spatialCoverage": [
  [
   2.336,
   62.577
  ],
  [
   2.32,
   62.566
  ]
 ],
 "url": "https://data.icos-cp.eu/objects/8HCnAVIxr_CBa6bqmTBE_PpR",
 "temporal": "2021-05-12",
 "sponsor": "N/A",
 "size": 864532,
 "sdPublisher": "N/A",
 "sdLicense": "N/A",
 "sameAs": "N/A",
 "publication": "N/A",
 "provider": "Ocean Thematic Centre",
 "position": "N/A",
 "name": "58G2_NRT_20210506.csv",
 "measurementTechnique": "N/A",
 "material": "N/A",
 "maintainer": "N/A",
 "locationCreated": "[[[5.393312, 61.94448], [8.782622, 63.323233], [11.024797, 64.820894], [14.489523, 67.39348], [18.474118, 69.582492], [24.263308, 70.557995], [31.876264, 69.94404], [41.219911, 72.994279], [41.041588, 74.957965], [40.861192, 78.307526], [30.06866, 78.274233], [12.476931, 78.224705], [1.136358, 72.568556], [-1.531106, 65.024969], [-1.439185, 63.097033], [-1.347265, 61.169097], [0.540976, 60.143269], [4.977852, 60.083997], [5.393312, 61.94448]]]",
 "issn": "N/A",
 "isPartOf": [],
 "isBasedOn": "N/A",
 "isAccessibleForFree": "N/A",
 "includedInDataCatalog": "N/A",
 "editor": "N/A",
 "editEIDR": "N/A",
 "copyrightYear": "N/A",
 "copyrightNotice": "N/A",
 "copyrightHolder": "N/A",
 "contributor": "N/A",
 "contentReferenceTime": "N/A",
 "contentLocation": "N/A",
 "character": "N/A",
 "acquireLicensePage": "N/A",
 "accessModeSufficient": "N/A",
 "about": "N/A",
 "rights": "N/A",
 "relation": "N/A",
 "qualified_relation": "N/A",
 "qualified_attribution": "N/A",
 "previous_version": "N/A",
 "landing_page": "https://meta.icos-cp.eu/objects/8HCnAVIxr_CBa6bqmTBE_PpR",
 "is_referenced_by": "N/A",
 "in_series": "N/A",
 "has_version": "N/A",
 "has_policy": "N/A",
 "has_current_version": "N/A",
 "useConstraints": "N/A",
 "status": "N/A",
 "spatialRepresentationType": "N/A",
 "spatialRepresentationInfo": "N/A",
 "scope": "N/A",
 "responsibleParty": "NORCE Norwegian Research Centre AS",
 "releasability": "N/A",
 "reference": "N/A",
 "purpose": "N/A",
 "otherLocale": "N/A",
 "metadataProfile": "N/A",
 "metadataLinkage": "N/A",
 "metadataIdentifier": "N/A",
 "MD_LegalConstraints": "N/A",
 "MD_Identification": "N/A",
 "environmentDescription": "N/A",
 "distributor": "ICOS",
 "distributionInfo": "N/A",
 "dataQualityInfo": "N/A",
 "contentInfo": "N/A",
 "contact": "N/A"
}