{
 "description": "N/A",
 "identifier": "11676/C-4vO0AHbVfsRbg4MTaHY1NL",
 "keywords": [
  "CO",
  "concentration",
  "ICOS"
 ],
 "language": "N/A",
 "accessibilitySummary": "N/A",
 "accountablePerson": "N/A",
 "version": "N/A",
 "temporalCoverage": "2020-06-01T00:00:00Z - 2020-06-01T00:00:00Z",
 "publisher": "N/A",
 "spatial": "N/A",
 "longitude": 11.0246,
 "latitude": 47.8011,
 "license": "N/A",
 "citation": "@misc{https://hdl.handle.net/11676/C-4vO0AHbVfsRbg4MTaHY1NL,\r\n  author={Kubistin, D., Plaß-Dülmer, C., Lindauer, M., Müller-Williams, J.},\r\n  title={ICOS ATC NRT CO growing time series, Hohenpeissenberg (93.0 m), 2020-06-01–2021-05-11},\r\n  year={2021},\r\n  url={https://hdl.handle.net/11676/C-4vO0AHbVfsRbg4MTaHY1NL},\r\n  publisher={Atmosphere Thematic Centre},\r\n  copyright={https://creativecommons.org/licenses/by/4.0/},\r\n  pid={11676/C-4vO0AHbVfsRbg4MTaHY1NL}\r\n}",
 "genre": "Atmospheric data",
 "creator": "N/A",
 "modification_date": "N/A",
 "distribution": "N/A",
 "image": [
  "https://meta.icos-cp.eu/files/362ZiYSf1ohveUzKo0VsNSI7/HPB.png"
 ],
 "thumbnailUrl": "N/A",
 "headline": "N/A",
 "abstract": [],
 "category": "Atmospheric CO mole fraction time series",
 "dateCreated": "2021-05-12",
 "creditText": "N/A",
 "datePublished": "2021-05-12",
 "producer": "N/A",
 "author": [
  "Dagmar Kubistin",
  "Christian Plaß-Dülmer",
  "Matthias Lindauer",
  "Jennifer Müller-Williams"
 ],
 "spatialCoverage": [
  11.0246,
  47.8011
 ],
 "url": "https://data.icos-cp.eu/objects/C-4vO0AHbVfsRbg4MTaHY1NL",
 "temporal": "2021-05-12",
 "sponsor": "N/A",
 "size": 126150,
 "sdPublisher": "N/A",
 "sdLicense": "N/A",
 "sameAs": "N/A",
 "publication": "N/A",
 "provider": "Atmosphere Thematic Centre",
 "position": "N/A",
 "name": "ICOS_ATC_NRT_HPB_2020-06-01_2021-05-11_93.0_499-382-489_CO.zip",
 "measurementTechnique": "CO2-CH4-CO-H2O Picarro Analyzer",
 "material": "N/A",
 "maintainer": "N/A",
 "locationCreated": "[11.0246, 47.8011, 934.0]",
 "issn": "N/A",
 "isPartOf": [],
 "isBasedOn": "N/A",
 "isAccessibleForFree": "N/A",
 "includedInDataCatalog": "N/A",
 "editor": "N/A",
 "editEIDR": "N/A",
 "copyrightYear": "N/A",
 "copyrightNotice": "N/A",
 "copyrightHolder": "N/A",
 "contributor": "N/A",
 "contentReferenceTime": "N/A",
 "contentLocation": "N/A",
 "character": "N/A",
 "acquireLicensePage": "N/A",
 "accessModeSufficient": "N/A",
 "about": "N/A",
 "rights": "N/A",
 "relation": "N/A",
 "qualified_relation": "N/A",
 "qualified_attribution": "N/A",
 "previous_version": "N/A",
 "landing_page": "https://meta.icos-cp.eu/objects/C-4vO0AHbVfsRbg4MTaHY1NL",
 "is_referenced_by": "N/A",
 "in_series": "N/A",
 "has_version": "N/A",
 "has_policy": "N/A",
 "has_current_version": "N/A",
 "useConstraints": "N/A",
 "status": "N/A",
 "spatialRepresentationType": "N/A",
 "spatialRepresentationInfo": "N/A",
 "scope": "N/A",
 "responsibleParty": "Deutscher Wetterdienst, Hohenpeißenberg Meteorological Observatory",
 "releasability": "N/A",
 "reference": "N/A",
 "purpose": "N/A",
 "otherLocale": "N/A",
 "metadataProfile": "N/A",
 "metadataLinkage": "N/A",
 "metadataIdentifier": "N/A",
 "MD_LegalConstraints": "N/A",
 "MD_Identification": "N/A",
 "environmentDescription": "N/A",
 "distributor": "ICOS",
 "distributionInfo": "N/A",
 "dataQualityInfo": "N/A",
 "contentInfo": "N/A",
 "contact": "N/A"
}