{
 "description": null,
 "identifier": "177afe24-aa95-4f3e-a0f5-34e46ee42c55",
 "keywords": [
  "air humidity",
  "phenology",
  "forest management",
  "soil water content",
  "AnaEE-France",
  "natural environment",
  "flux tower",
  "atmospheric pressure",
  "forest ecosystem",
  "forest ecology",
  "species richness",
  "water balance",
  "cambisol",
  "canopy surface temperature",
  "soil temperature",
  "incident photosynthetically active radiation",
  "soil heat flux",
  "long term monitoring",
  "F-ORE-T",
  "radiation interception",
  "air temperature",
  "incident shortwave radiation",
  "net ecosystem H2O flux",
  "soil respiration",
  "water flow",
  "water flow",
  "temperate forest",
  "inter-annual variability",
  "beech forest",
  "energy balance",
  "population density",
  "nutrient flux",
  "water stock",
  "soil pollution",
  "microfloral biodiversity",
  "macrofloral biodiversity",
  "leptosol",
  "major element",
  "aquatic nutrient level",
  "nutrient stock",
  "natural soil evolution",
  "biogeochemical station",
  "hydrological change",
  "water pH",
  "carbon flux",
  "trace element"
 ],
 "language": "eng",
 "accessibilitySummary": null,
 "accountablePerson": null,
 "version": "1.0",
 "temporalCoverage": null,
 "publisher": null,
 "spatial": null,
 "license": "http://standards.iso.org/ittf/PubliclyAvailableStandards/ISO_19139_Schemas/resources/codelist/ML_gmxCodelists.xml#MD_RestrictionCode",
 "citation": null,
 "type/genre": null,
 "creator": null,
 "update/modification_date": null,
 "distribution": null,
 "image": null,
 "thumbnailUrl": null,
 "headline": null,
 "abstract": "The site of Montiers, localized at the boundaries between Meuse and Haute-Marne departments, North-East of France, has a large surface area (143 ha). It comprises two soil successions (toposequence) and the climate, stand conditions (age, species, forest management) are equivalent on all the surface of the site.\nThe facility comprises three biogeochemical stations of 10 000 m2 each and one flux tower above forest canopy (45 m-high) settled along a soil succession representative of soils of the region. The three stations include four substations of which three are strongly equipped and one is free for future experimentations. Each equipped substation comprises lysimeters at different soil depths (litter, -10 cm, -30 cm, -60 cm and -90 cm; 3 replicates in general), tensio-lysimeters (-10 cm, -30 cm, -60 cm, -90 cm and -120 cm; 3 replicates in general) and temperature and moisture probes at different soil depths (-10 cm, -30 cm, -60 cm and -90 cm; 4 replicates), litterbags (6 replicates), stemflows (6 replicates), gutters (4 replicates). These stations allow to follow-up on the long term the flows of water, and major (Ca, Mg, K, Na, P, Fe, Mn, Si, Al, S, C, N) and trace (Cl, Se, B, I, Cs) elements between the different compartments (soil, tree, atmosphere) of a beech forest. Each station is settled on a different soil type, i.e., alocrisol, calci-brunisol, rendosol thus allowing to assess the impact of the soil type on biogeochemical cycles and on tree growth. \nThe flux tower is equipped with a Eddy Covariance system (CO2, H2O, and sensible heat) and a complete set of sensors recording the aerial and edaphic meterological conditions, the phenology and the canopy status. The data from flux tower are available on demand.\nThe forest mainly consists in a beech timber of about 50 years: dominant species and forestry in the region. The effect of the soil on the biogeochemical and biological functioning of this beech forest is dealt with a very integrated approach (ecophysiology, microbiology, soil science and biogeochemistry). In addition, the flux tower permits to measure, at various levels of the canopy and above, meteorological parameters (temperature, radiation, and precipitation), the gaseous exchanges and the particular deposits.",
 "theme/category": null,
 "dateCreated": "2008-01-01",
 "creditText": null,
 "datePublished": "2017-06-13",
 "producer": null,
 "author": "Élodie COURTOIS",
 "spatialCoverage": [
  "4.168",
  "6.168",
  "47.3155",
  "49.3155"
 ],
 "url": [],
 "temporal": "2008-01-01",
 "sponsor": null,
 "size": null,
 "sdPublisher": null,
 "sdLicense": null,
 "sameAs": null,
 "publication": null,
 "provider": null,
 "position": null,
 "name": "SOERE F-ORE-T : Montiers site",
 "measurementTechnique": null,
 "material": null,
 "maintainer": null,
 "locationCreated": null,
 "issn": null,
 "isPartOf": null,
 "isBasedOn": null,
 "isAccessibleForFree": null,
 "includedInDataCatalog": null,
 "editor": null,
 "editEIDR": null,
 "copyrightYear": null,
 "copyrightNotice": null,
 "copyrightHolder": null,
 "contributor": null,
 "contentReferenceTime": null,
 "contentLocation": null,
 "character": null,
 "acquireLicensePage": null,
 "accessModeSufficient": null,
 "about": null,
 "rights": null,
 "relation": null,
 "qualified_relation": null,
 "qualified_attribution": null,
 "previous_version": null,
 "landing_page": "http://w3.avignon.inra.fr/geonetwork_anaee/srv/eng/catalog.search#/metadata/177afe24-aa95-4f3e-a0f5-34e46ee42c55",
 "is_referenced_by": null,
 "in_series": null,
 "has_version": null,
 "has_policy": null,
 "has_current_version": null,
 "useConstraints": null,
 "status": null,
 "spatialRepresentationType": null,
 "spatialRepresentationInfo": null,
 "scope": null,
 "responsibleParty": "CNRS",
 "releasability": null,
 "reference": null,
 "purpose": null,
 "otherLocale": null,
 "metadataProfile": "ISO 19115:2003/19139",
 "metadataLinkage": null,
 "metadataIdentifier": null,
 "MD_LegalConstraints": null,
 "MD_Identification": null,
 "environmentDescription": null,
 "distributor": null,
 "distributionInfo": "Commission Regulation (EU) No 1089/2010 of 23 November 2010 implementing Directive 2007/2/EC of the European Parliament and of the Council as regards interoperability of spatial data sets and services",
 "dataQualityInfo": "Not evaluated",
 "contentInfo": null,
 "contact": null
}