{
 "description": null,
 "identifier": "3fe00c17-cae3-4ad9-9ab2-06412d30185c",
 "keywords": [
  "land use",
  "grazing",
  "greenhouse gas",
  "AnaEE-France",
  "long term monitoring",
  "long term experiment",
  "anthropogenic disturbances",
  "agro-ecosystem",
  "climate change",
  "animals",
  "plant",
  "arable land",
  "grassland",
  "biogeochemical cycle",
  "permanent grassland"
 ],
 "language": "eng",
 "accessibilitySummary": null,
 "accountablePerson": null,
 "version": "1.0",
 "temporalCoverage": null,
 "publisher": null,
 "spatial": null,
 "license": "http://standards.iso.org/ittf/PubliclyAvailableStandards/ISO_19139_Schemas/resources/codelist/ML_gmxCodelists.xml#MD_RestrictionCode",
 "citation": null,
 "type/genre": null,
 "creator": null,
 "update/modification_date": null,
 "distribution": null,
 "image": null,
 "thumbnailUrl": null,
 "headline": null,
 "abstract": "Permanent Grassland Site of Theix-Laqueuille is a part of the SOERE ACBB that is a System of Observation and Experimentation for Environmental Research on Agroecosystems, Biochemical Cycles and Biodiversity.\nPermanent Grassland Site of Theix-Laqueuille consists in a long-term experiment set up under semi-natural upland permanent grassland in the Massif Central, France (850 to 1040 m.a.s.l, semi-continental climate), which aims to analyse the relationship between management practices, community dynamics and ecosystem properties and services.\nThe main goals are to monitor the long term impacts of grassland management on biodiversity and biochemical cycles and to provide an instrumented experimental plateform in order to analyse ecosystem functioning and processes.\nThe experimental treatments are applied since 2005 in a well replicated design in Theix with four repetitions per treatment on 400 to 2200 m² plots and since 2002 on two large plots (3 ha) in Laqueuille, in order to analyse the effects of the two mains management factors which are driving the ecosystem, i.e., the level of disturbance and the level of nutrient availability. Continuous grazing at high and low cattle stocking rate are applied in Laqueuille. In Theix, two contrasting levels of herbage use are compared without N fertiliser by manipulating stocking density (sheep and cattle grazing) with a control in abandon. Further comparison between grazing and cutting are obtained by including mown plots at three contrasting levels of inorganic fertiliser supply.\nSite and plots are equipped for continuous monitoring of meteorological data, soil temperature and humidity. Regular measurements concern a large set of variables: aboveground plant production, quality and nutrient content, soil solution chemical composition (ceramic cups), main soil state variables per layer, state of diversity for plant, earthworms and microbe communities. Both large paddocks are equipped with an eddy covariance flux towers according to ICOS standard for H2O, CO2 and CH4 fluxes measurements, and with automatics chambers for N2O emission, that allow to assess greenhouse gas balance and C sequestration according to grazing management.\nData are stored in common database developed for SOERE ACBB.\nSoil and plant samples are kept in collection and available for further determinations.\nWith yet 10 years of data, the site devoted to studying the long term development of the soil-vegetation systems of grassland under contrasting management regimes gives the oppportunity to stongly integrate discilinary research on vegetation dynamics, soil biology, soil physics and chemistry and sward-herbivore interactions.",
 "theme/category": null,
 "dateCreated": "2005-01-01",
 "creditText": null,
 "datePublished": "2017-06-13",
 "producer": null,
 "author": "Frédérique LOUAULT",
 "spatialCoverage": [
  "3.015",
  "3.03",
  "45.718",
  "45.725",
  "2.728",
  "2.745",
  "45.64",
  "45.652"
 ],
 "url": [],
 "temporal": "2005-01-01",
 "sponsor": null,
 "size": null,
 "sdPublisher": null,
 "sdLicense": null,
 "sameAs": null,
 "publication": null,
 "provider": null,
 "position": null,
 "name": "SOERE ACBB Theix-Laqueuille Platform (Permanent Grassland)",
 "measurementTechnique": null,
 "material": null,
 "maintainer": null,
 "locationCreated": null,
 "issn": null,
 "isPartOf": null,
 "isBasedOn": null,
 "isAccessibleForFree": null,
 "includedInDataCatalog": null,
 "editor": null,
 "editEIDR": null,
 "copyrightYear": null,
 "copyrightNotice": null,
 "copyrightHolder": null,
 "contributor": null,
 "contentReferenceTime": null,
 "contentLocation": null,
 "character": null,
 "acquireLicensePage": null,
 "accessModeSufficient": null,
 "about": null,
 "rights": null,
 "relation": null,
 "qualified_relation": null,
 "qualified_attribution": null,
 "previous_version": null,
 "landing_page": "http://w3.avignon.inra.fr/geonetwork_anaee/srv/eng/catalog.search#/metadata/356d6b7b-5b1b-4271-8350-d0c3acc32e64",
 "is_referenced_by": null,
 "in_series": null,
 "has_version": null,
 "has_policy": null,
 "has_current_version": null,
 "useConstraints": null,
 "status": null,
 "spatialRepresentationType": null,
 "spatialRepresentationInfo": null,
 "scope": null,
 "responsibleParty": "INRAE",
 "releasability": null,
 "reference": null,
 "purpose": null,
 "otherLocale": null,
 "metadataProfile": "ISO 19115:2003/19139",
 "metadataLinkage": null,
 "metadataIdentifier": null,
 "MD_LegalConstraints": null,
 "MD_Identification": null,
 "environmentDescription": null,
 "distributor": null,
 "distributionInfo": "Commission Regulation (EU) No 1089/2010 of 23 November 2010 implementing Directive 2007/2/EC of the European Parliament and of the Council as regards interoperability of spatial data sets and services",
 "dataQualityInfo": "Not evaluated",
 "contentInfo": null,
 "contact": null
}