{
 "description": null,
 "identifier": "6c173c29-ec47-4324-bfb2-e1d6bc92566d",
 "keywords": [
  "microbial biomass",
  "microbial diversity",
  "soil worms",
  "AnaEE-France",
  "soil biomass",
  "soil fauna",
  "ecosystem management"
 ],
 "language": "eng",
 "accessibilitySummary": null,
 "accountablePerson": null,
 "version": "1.0",
 "temporalCoverage": null,
 "publisher": null,
 "spatial": null,
 "license": "http://standards.iso.org/ittf/PubliclyAvailableStandards/ISO_19139_Schemas/resources/codelist/ML_gmxCodelists.xml#MD_RestrictionCode",
 "citation": null,
 "type/genre": null,
 "creator": null,
 "update/modification_date": "2020-01-03",
 "distribution": null,
 "image": null,
 "thumbnailUrl": null,
 "headline": null,
 "abstract": "This technical platform has been set up to allow ecologists to perform large-scale analysis of environmental DNA via a metabarcoding approach. DNA metabarcoding refers to high throughput DNA-based identification of multiple species from environmental DNA. The main applications consist in diet analysis from feces, in biodiversity assessment using soil or water samples, and in palaeo-environment reconstruction using lake sediments and permafrost samples. \nThe eDNA platform is composed of three pre-PCR extraction rooms dedicated to feces, soil, and ancient DNA, and to several post-PCR rooms dedicated to the purification and the titration of PCR products. The next generation sequencing on Illumina platforms (HiSeq or MiSeq) is outsourced. The eDNA platform also possesses all the equipment that can be transported and installed in the field to allow DNA extraction straight after the sampling. \nThe eDNA platform can provide support to:\n(I) Design the experiment according to the scientfic goal, and ensure data quality given the technical contraints\n(ii) perform large-scale DNA extractions\n(iii) perform large-scale DNA amplifications\n(iv) outsource DNA sequencing to a company having developped protocols ensuring high quality amplicon sequencing from eDNA samples\n(v) analyze raw sequences to produce a contengency table that will be analyzed later on by the prosecutor\n(vi) help discussing the scientific results with regards to the possible pitfalls of the metabarcoding approach",
 "theme/category": null,
 "dateCreated": "1994-01-01",
 "creditText": null,
 "datePublished": "2018-07-12",
 "producer": null,
 "author": "Frédérique LOUAULT",
 "spatialCoverage": [
  "-5.7",
  "9.5",
  "41.3",
  "51"
 ],
 "url": [
  "https://leca.osug.fr/eDNA-AnaEE-France-272",
  "http://metabarcoding.org"
 ],
 "temporal": "1994-01-01",
 "sponsor": null,
 "size": null,
 "sdPublisher": null,
 "sdLicense": null,
 "sameAs": null,
 "publication": null,
 "provider": null,
 "position": null,
 "name": "eDNA",
 "measurementTechnique": null,
 "material": null,
 "maintainer": null,
 "locationCreated": null,
 "issn": null,
 "isPartOf": null,
 "isBasedOn": null,
 "isAccessibleForFree": null,
 "includedInDataCatalog": null,
 "editor": null,
 "editEIDR": null,
 "copyrightYear": null,
 "copyrightNotice": null,
 "copyrightHolder": null,
 "contributor": null,
 "contentReferenceTime": null,
 "contentLocation": null,
 "character": null,
 "acquireLicensePage": null,
 "accessModeSufficient": null,
 "about": null,
 "rights": null,
 "relation": null,
 "qualified_relation": null,
 "qualified_attribution": null,
 "previous_version": null,
 "landing_page": "http://w3.avignon.inra.fr/geonetwork_anaee/srv/eng/catalog.search#/metadata/6c173c29-ec47-4324-bfb2-e1d6bc92566d",
 "is_referenced_by": null,
 "in_series": null,
 "has_version": null,
 "has_policy": null,
 "has_current_version": null,
 "useConstraints": null,
 "status": null,
 "spatialRepresentationType": null,
 "spatialRepresentationInfo": null,
 "scope": null,
 "responsibleParty": "INRAE",
 "releasability": null,
 "reference": null,
 "purpose": null,
 "otherLocale": null,
 "metadataProfile": "ISO 19115:2003/19139",
 "metadataLinkage": null,
 "metadataIdentifier": null,
 "MD_LegalConstraints": null,
 "MD_Identification": null,
 "environmentDescription": null,
 "distributor": null,
 "distributionInfo": null,
 "dataQualityInfo": null,
 "contentInfo": null,
 "contact": null
}