{
 "description": null,
 "identifier": "80894c9d-aa65-4808-8870-a04a7bf402f4",
 "keywords": [
  "climatic data",
  "mesocosm",
  "experimental study",
  "habitat fragmentation",
  "semi-natural environment",
  "population ecology",
  "experimental ecology",
  "metaecosystem",
  "spatial ecology",
  "patch",
  "metapopulation",
  "AnaEE-France",
  "animal dispersal"
 ],
 "language": "eng",
 "accessibilitySummary": null,
 "accountablePerson": null,
 "version": "1.0",
 "temporalCoverage": null,
 "publisher": null,
 "spatial": null,
 "license": "http://standards.iso.org/ittf/PubliclyAvailableStandards/ISO_19139_Schemas/resources/codelist/ML_gmxCodelists.xml#MD_RestrictionCode",
 "citation": null,
 "type/genre": null,
 "creator": null,
 "update/modification_date": "2020-01-03",
 "distribution": null,
 "image": null,
 "thumbnailUrl": null,
 "headline": null,
 "abstract": "Located  in the French Pyrenees, the Metatron comprises 48 units, each stretches 100-m² * 2-m height, where we can manipulate climatic conditions (temperature, humidity or solar radiation). Units are connected by corridors allowing migration from one environment to another. The Metatron focuses on climatic effects on population dynamics, especially in the framework of the global warming and fragmentation.",
 "theme/category": null,
 "dateCreated": "2010-10-23",
 "creditText": null,
 "datePublished": "2018-07-12",
 "producer": null,
 "author": "Frédérique LOUAULT",
 "spatialCoverage": [
  "0.99",
  "1.19",
  "42.86",
  "43.06"
 ],
 "url": [],
 "temporal": "2010-10-23",
 "sponsor": null,
 "size": null,
 "sdPublisher": null,
 "sdLicense": null,
 "sameAs": null,
 "publication": null,
 "provider": null,
 "position": null,
 "name": "The Metatron: an experimental system to study dispersal and metaecosystems for terrestrial organisms",
 "measurementTechnique": null,
 "material": null,
 "maintainer": null,
 "locationCreated": null,
 "issn": null,
 "isPartOf": null,
 "isBasedOn": null,
 "isAccessibleForFree": null,
 "includedInDataCatalog": null,
 "editor": null,
 "editEIDR": null,
 "copyrightYear": null,
 "copyrightNotice": null,
 "copyrightHolder": null,
 "contributor": null,
 "contentReferenceTime": null,
 "contentLocation": null,
 "character": null,
 "acquireLicensePage": null,
 "accessModeSufficient": null,
 "about": null,
 "rights": null,
 "relation": null,
 "qualified_relation": null,
 "qualified_attribution": null,
 "previous_version": null,
 "landing_page": "http://w3.avignon.inra.fr/geonetwork_anaee/80894c9d-aa65-4808-8870-a04a7bf402f4",
 "is_referenced_by": null,
 "in_series": null,
 "has_version": null,
 "has_policy": null,
 "has_current_version": null,
 "useConstraints": null,
 "status": null,
 "spatialRepresentationType": null,
 "spatialRepresentationInfo": null,
 "scope": null,
 "responsibleParty": "INRAE",
 "releasability": null,
 "reference": null,
 "purpose": null,
 "otherLocale": null,
 "metadataProfile": "ISO 19115:2003/19139",
 "metadataLinkage": null,
 "metadataIdentifier": null,
 "MD_LegalConstraints": null,
 "MD_Identification": null,
 "environmentDescription": null,
 "distributor": null,
 "distributionInfo": "Commission Regulation (EU) No 1089/2010 of 23 November 2010 implementing Directive 2007/2/EC of the European Parliament and of the Council as regards interoperability of spatial data sets and services",
 "dataQualityInfo": "Not evaluated",
 "contentInfo": null,
 "contact": null
}