{
 "description": null,
 "identifier": "a0248f18-bcdc-4bf0-93b3-7779f3797345",
 "keywords": [
  "forest management",
  "soil water content",
  "air humidity",
  "F-ORE-T",
  "soil temperature",
  "forest ecology",
  "air temperature",
  "long term monitoring",
  "natural environment",
  "net carbon dioxide flux",
  "carbon sequestration",
  "forest ecosystem",
  "AnaEE-France",
  "flux tower",
  "energy balance",
  "inter-annual variability",
  "beech forest",
  "ICOS network",
  "metrology",
  "ecophysiological measurement",
  "water balance",
  "radiation interception",
  "temperate forest",
  "luvisol",
  "species richness",
  "phenology",
  "atmospheric pressure",
  "incident shortwave radiation",
  "incident photosynthetically active radiation",
  "soil heat flux",
  "canopy surface temperature"
 ],
 "language": "eng",
 "accessibilitySummary": null,
 "accountablePerson": null,
 "version": "1.0",
 "temporalCoverage": null,
 "publisher": null,
 "spatial": null,
 "license": "http://standards.iso.org/ittf/PubliclyAvailableStandards/ISO_19139_Schemas/resources/codelist/ML_gmxCodelists.xml#MD_RestrictionCode",
 "citation": null,
 "type/genre": null,
 "creator": null,
 "update/modification_date": "2017-06-02",
 "distribution": null,
 "image": "http://w3.avignon.inra.fr/geonetwork_anaee/srv/fre//resources.get?uuid=82b98e1a-e136-4814-a938-9d571983361d&fname=camp Inselberg07_s.png",
 "thumbnailUrl": null,
 "headline": null,
 "abstract": "The Hesse site belongs to the ICOS network and to the french ORE Forêt. It is equipped with an eddy covariance systems above the canopy (on a 35m height tower) measuring continuously the net CO2, water vapour and sensible heat exchanged with the atmosphere. A important set of sensors (temperature, radiations, humidity,...) is also installed to describe the meteorological and soil status above and inside the canopy. In parallel, a specific instrumentation and manual inventories allows the following of the biomass growth and phenology. All these measurements recorded since 1997 constitute a unique dataset available on demand.\nThe Hesse site is located in the state forest of Hesse (Moselle, elevation 300 m). It is dominated by beech (Fagus sylvatica) at 90%. Other tree species are Carpinus betulus, Betula alba, Fraxinus excelsior, Prunus avium, Quercus petraea, Larix decidua. The understorey vegetation is very sparse. This plot was thinned during winter 1994/1995, 1998/1999 and 2004/2005 but LAI recover rapidly it’s initial value round 7.3. Trees are about 50 year-old. Low values of ground area (around 20 m2 ha-1) are characteristic of young, frequently thinned plots. Soil is a gleyic luvisol (clay 22%, loam 70% and sand 8%). The pH of the top soil (0–30 cm) is 4.9 with a C/N of 12.2 and an apparent density of 0.85 kg dm–3. Water holding capacity was about 0.40 m3 m–3. Mineral soil is covered with mull type humus.",
 "theme/category": null,
 "dateCreated": "1996-01-01",
 "creditText": null,
 "datePublished": "2017-06-13",
 "producer": null,
 "author": "Christian Mougin",
 "spatialCoverage": [
  "6.0359",
  "8.0359",
  "47.403",
  "49.403"
 ],
 "url": [],
 "temporal": "1996-01-01",
 "sponsor": null,
 "size": null,
 "sdPublisher": null,
 "sdLicense": null,
 "sameAs": null,
 "publication": null,
 "provider": null,
 "position": null,
 "name": "SOERE F-ORE-T : Hesse site",
 "measurementTechnique": null,
 "material": null,
 "maintainer": null,
 "locationCreated": null,
 "issn": null,
 "isPartOf": null,
 "isBasedOn": null,
 "isAccessibleForFree": null,
 "includedInDataCatalog": null,
 "editor": null,
 "editEIDR": null,
 "copyrightYear": null,
 "copyrightNotice": null,
 "copyrightHolder": null,
 "contributor": null,
 "contentReferenceTime": null,
 "contentLocation": null,
 "character": null,
 "acquireLicensePage": null,
 "accessModeSufficient": null,
 "about": null,
 "rights": null,
 "relation": null,
 "qualified_relation": null,
 "qualified_attribution": null,
 "previous_version": null,
 "landing_page": "http://w3.avignon.inra.fr/geonetwork_anaee/a0248f18-bcdc-4bf0-93b3-7779f3797345",
 "is_referenced_by": null,
 "in_series": null,
 "has_version": null,
 "has_policy": null,
 "has_current_version": null,
 "useConstraints": null,
 "status": null,
 "spatialRepresentationType": null,
 "spatialRepresentationInfo": null,
 "scope": null,
 "responsibleParty": "INRAE",
 "releasability": null,
 "reference": null,
 "purpose": null,
 "otherLocale": null,
 "metadataProfile": "ISO 19115:2003/19139",
 "metadataLinkage": null,
 "metadataIdentifier": null,
 "MD_LegalConstraints": null,
 "MD_Identification": null,
 "environmentDescription": null,
 "distributor": null,
 "distributionInfo": "Commission Regulation (EU) No 1089/2010 of 23 November 2010 implementing Directive 2007/2/EC of the European Parliament and of the Council as regards interoperability of spatial data sets and services",
 "dataQualityInfo": "Not evaluated",
 "contentInfo": null,
 "contact": null
}