{
 "description": null,
 "identifier": "c106e898-b8a4-4679-8e2b-eb8fc04e8337",
 "keywords": [
  "AnaEE-France",
  "data management",
  "ecological data",
  "environmental information system",
  "metadata management",
  "programming language",
  "relational database"
 ],
 "language": "eng",
 "accessibilitySummary": null,
 "accountablePerson": null,
 "version": "1.0",
 "temporalCoverage": null,
 "publisher": null,
 "spatial": null,
 "license": "http://standards.iso.org/ittf/PubliclyAvailableStandards/ISO_19139_Schemas/resources/codelist/ML_gmxCodelists.xml#MD_RestrictionCode",
 "citation": null,
 "type/genre": null,
 "creator": null,
 "update/modification_date": "2020-01-03",
 "distribution": null,
 "image": "http://w3.avignon.inra.fr/geonetwork_anaee/srv/fre//resources.get?uuid=82b98e1a-e136-4814-a938-9d571983361d&fname=camp Inselberg07_s.png",
 "thumbnailUrl": null,
 "headline": null,
 "abstract": "UMS BBEES provides the CNRS and the National Museum of Natural History’s research units and researchers with technical and scientific supports to structure, perpetuate or pool their databases. Its interventions result in advices or direct actions during several days to several months in order to relaunch or restructure databases.\nIt benefits the environment in place at the Museum (Service du Patrimoine Naturel, Inventaire national du Patrimoine naturel, collections patrimoniales, Pôle recherche de la DSI, etc). This structure is not designed to administer databases, which remain the responsibility of the teams that produce them, or to provide them with accommodation, which may be the DSI of the Museum or other suitable structure. However, it can provide guidance on these points.\nTo facilitate the integration of databases in national and international frameworks, the UMS BBEES offers recommendations, including:\n- The constitution of corpus and data processing;\n- The choice of tools;\n- Structuring data;\n- Metadata.\nThese recommendations are in line with the operative standards and norms, such as the European Directive INSPIRE (2007/2 / CE of 14 March 2007) for geographical informations, or the choice of a common taxonomic repository for existing biodiversity databases (INPN, GBIF, collections databases).\nThe issue of identification and accessibility of databases is also at the heart of the concerns of the UMS BBEES, particularly the inactive databases (for example databases developed in the framework of national programs and stored on personal computers) and bases on standby (accessible databases, but are not supplied or operated). Investigations are and will be regularly conducted with the directors of research units in order to identify all the databases produced by the units (inactive standby, developing and active), but also to anticipate and accompany the bases of development applications as part of national and international research programs.\nUMS BBEES gave a particular attention to the implementation of regulations concerning intellectual property in the particular field of databases. Thus, it does not facilitate the dissemination of databases that do not comply with legislation.\n ",
 "theme/category": null,
 "dateCreated": "2015-01-01",
 "creditText": null,
 "datePublished": "2017-05-30",
 "producer": null,
 "author": "Cécile CALLOU",
 "spatialCoverage": [
  "2.25",
  "2.45",
  "48.75",
  "48.95",
  "-5.7",
  "9.5",
  "41.3",
  "51"
 ],
 "url": [],
 "temporal": "2015-01-01",
 "sponsor": null,
 "size": null,
 "sdPublisher": null,
 "sdLicense": null,
 "sameAs": null,
 "publication": null,
 "provider": null,
 "position": null,
 "name": "UMS BBEES 3468 - AnaEE-France",
 "measurementTechnique": null,
 "material": null,
 "maintainer": null,
 "locationCreated": null,
 "issn": null,
 "isPartOf": null,
 "isBasedOn": null,
 "isAccessibleForFree": null,
 "includedInDataCatalog": null,
 "editor": null,
 "editEIDR": null,
 "copyrightYear": null,
 "copyrightNotice": null,
 "copyrightHolder": null,
 "contributor": null,
 "contentReferenceTime": null,
 "contentLocation": null,
 "character": null,
 "acquireLicensePage": null,
 "accessModeSufficient": null,
 "about": null,
 "rights": null,
 "relation": null,
 "qualified_relation": null,
 "qualified_attribution": null,
 "previous_version": null,
 "landing_page": "http://w3.avignon.inra.fr/geonetwork_anaee/srv/eng/catalog.search#/metadata/c106e898-b8a4-4679-8e2b-eb8fc04e8337",
 "is_referenced_by": null,
 "in_series": null,
 "has_version": null,
 "has_policy": null,
 "has_current_version": null,
 "useConstraints": null,
 "status": null,
 "spatialRepresentationType": "WGS 84 / TM 116 SE (EPSG:2309)",
 "spatialRepresentationInfo": null,
 "scope": null,
 "responsibleParty": "CNRS",
 "releasability": null,
 "reference": null,
 "purpose": null,
 "otherLocale": null,
 "metadataProfile": "ISO 19115:2003/19139",
 "metadataLinkage": null,
 "metadataIdentifier": null,
 "MD_LegalConstraints": null,
 "MD_Identification": null,
 "environmentDescription": null,
 "distributor": null,
 "distributionInfo": "Commission Regulation (EU) No 1089/2010 of 23 November 2010 implementing Directive 2007/2/EC of the European Parliament and of the Council as regards interoperability of spatial data sets and services",
 "dataQualityInfo": "Not evaluated",
 "contentInfo": null,
 "contact": null
}