{
 "description": null,
 "identifier": "c7179e1a-1316-49f2-a5f9-94ca06bf3259",
 "keywords": [
  "organic matter",
  "AnaEE-France",
  "waste recycling",
  "experimental device",
  "organic contaminant"
 ],
 "language": "eng",
 "accessibilitySummary": null,
 "accountablePerson": null,
 "version": "1.0",
 "temporalCoverage": null,
 "publisher": null,
 "spatial": null,
 "license": "http://standards.iso.org/ittf/PubliclyAvailableStandards/ISO_19139_Schemas/resources/codelist/ML_gmxCodelists.xml#MD_RestrictionCode",
 "citation": null,
 "type/genre": null,
 "creator": null,
 "update/modification_date": "2020-01-03",
 "distribution": null,
 "image": "http://w3.avignon.inra.fr/geonetwork_anaee/srv/fre//resources.get?uuid=82b98e1a-e136-4814-a938-9d571983361d&fname=camp Inselberg07_s.png",
 "thumbnailUrl": null,
 "headline": null,
 "abstract": "The site of Qualiagro is part of the French national network SOERE PRO (System of Observation and Experimentation for Environmental Research on Organic Residue Recycling). The objectives of QualiAgro are to characterize the agronomic value of urban waste composts and their environmental impacts, in a long-term field trials and related laboratory characterization of the residues. \nThe experimental site (48.90°N and 1.97°E) is located in Feucherolles France (175 m.a.s.l.) with a modified oceanic climate. The soil is a typical Luvisol on loess of the Paris Basin. It has been initiated in 1998 (INRA-Veolia partnership). It is structured as a complete randomized block design (4 replicates, 450m²/plots) on a total surface of 6 ha and include 5 organic treatments: 3 urban composts -   a co-compost of Green Waste and Sludge (GWS), a Biowaste compost (BIOW) and a municipal solid waste compost (MSW) - , 1 reference organic amendment not composted - a farmyard manure (FYM)- and the control -  without organic input. Amendments are applied every 2 years on wheat stubble with an objective of 4 t C ha-1. Additionally, the different treatments received 2 levels of additional mineral nitrogen: low mineral N or optimum mineral N.  The field is managed in conventional wheat-maize rotation.\nSite and plots are equipped for continuous monitoring of meteorological data, soil temperature and humidity. One plot of each treatment is equipped with wick lysimeters at 2 depths (0.45 m and 1 m). At the end of 2014, automatics chambers for N2O and CO2 emission survey will be settled, in order to assess greenhouse gas emissions related to composts and manure use. A Large set of variables mainly including physico-chemical characteristics, are monitored on different compartments of the agro-system (composts, soils, plants, water leaching). For example composts quality, crop yields and grain and crop residues analytical characteristics , main soil analytical characteristics per layer , the  chemical composition of soil solution (collected with  lysimeters), biological communities (microfauna and macrofauned sampling, microbial biomass ) and activities (enzymatic activities, mineralization of organic matter). \nData will be stored in a common database specifically developed for the SOERE PRO network and connected with the other SOERE. \nSoil and plant samples are kept in collection and available for further measurements.",
 "theme/category": null,
 "dateCreated": "1997-01-01",
 "creditText": null,
 "datePublished": "2017-06-13",
 "producer": null,
 "author": "Aurélia MICHAUD",
 "spatialCoverage": [
  "1.87",
  "2.07",
  "48.77",
  "48.97"
 ],
 "url": [],
 "temporal": "1997-01-01",
 "sponsor": null,
 "size": null,
 "sdPublisher": null,
 "sdLicense": null,
 "sameAs": null,
 "publication": null,
 "provider": null,
 "position": null,
 "name": "SOERE PRO Site of QualiAgro",
 "measurementTechnique": null,
 "material": null,
 "maintainer": null,
 "locationCreated": null,
 "issn": null,
 "isPartOf": null,
 "isBasedOn": null,
 "isAccessibleForFree": null,
 "includedInDataCatalog": null,
 "editor": null,
 "editEIDR": null,
 "copyrightYear": null,
 "copyrightNotice": null,
 "copyrightHolder": null,
 "contributor": null,
 "contentReferenceTime": null,
 "contentLocation": null,
 "character": null,
 "acquireLicensePage": null,
 "accessModeSufficient": null,
 "about": null,
 "rights": null,
 "relation": null,
 "qualified_relation": null,
 "qualified_attribution": null,
 "previous_version": null,
 "landing_page": "http://w3.avignon.inra.fr/geonetwork_anaee/srv/eng/catalog.search#/metadata/c7179e1a-1316-49f2-a5f9-94ca06bf3259",
 "is_referenced_by": null,
 "in_series": null,
 "has_version": null,
 "has_policy": null,
 "has_current_version": null,
 "useConstraints": null,
 "status": null,
 "spatialRepresentationType": "WGS 84 / TM 116 SE (EPSG:2309)",
 "spatialRepresentationInfo": null,
 "scope": null,
 "responsibleParty": "INRAE",
 "releasability": null,
 "reference": null,
 "purpose": null,
 "otherLocale": null,
 "metadataProfile": "ISO 19115:2003/19139",
 "metadataLinkage": null,
 "metadataIdentifier": null,
 "MD_LegalConstraints": null,
 "MD_Identification": null,
 "environmentDescription": null,
 "distributor": null,
 "distributionInfo": "Commission Regulation (EU) No 1089/2010 of 23 November 2010 implementing Directive 2007/2/EC of the European Parliament and of the Council as regards interoperability of spatial data sets and services",
 "dataQualityInfo": "Not evaluated",
 "contentInfo": null,
 "contact": null
}