{
 "description": null,
 "identifier": "c8912811-b542-4bae-b4b2-3c62a2812866",
 "keywords": [
  "AnaEE-France",
  "long term monitoring",
  "long term experiment",
  "agronomy",
  "soil nutrient",
  "pollutant",
  "experimental setup",
  "waste recycling"
 ],
 "language": "eng",
 "accessibilitySummary": null,
 "accountablePerson": null,
 "version": "1.0",
 "temporalCoverage": null,
 "publisher": null,
 "spatial": null,
 "license": "http://standards.iso.org/ittf/PubliclyAvailableStandards/ISO_19139_Schemas/resources/codelist/ML_gmxCodelists.xml#MD_RestrictionCode",
 "citation": null,
 "type/genre": null,
 "creator": null,
 "update/modification_date": "2020-01-03",
 "distribution": null,
 "image": "http://w3.avignon.inra.fr/geonetwork_anaee/srv/fre//resources.get?uuid=82b98e1a-e136-4814-a938-9d571983361d&fname=camp Inselberg07_s.png",
 "thumbnailUrl": null,
 "headline": null,
 "abstract": "The site of Colmar is part of the French national network SOERE PRO (System of Observation and Experimentation for Environmental Research on Organic Residue Recycling). The objectives of the site of Colmar are to characterize the agronomic value of organic residues and their environmental impacts, in a long-term field experiment.\nIt has been initiated in 2001 (INRA / SMRA68 / ADEME / Agence de l’Eau Rhin-Meuse partnership).\nThe experimental site is located in Colmar (Alsace, France) with a continental climate. The soil is a calcisoil (surface layer: 24% clay, 69% silt, 7% sand / 2.4 % organic matter / pH 8.3). The trial is composed of 60 plots of 90 m² (10 m x 9 m) on 2.2 hectares with 4 replicate blocks of 6 organic treatments randomly distributed within each block: Urban sewage sludge, Composted sewage sludge, Biowaste compost, Farmyard manure, Composted Farmyard manure, Control without organic amendment. The organic amendments are spread every 2 years on the same nitrogen rate of 170 kg/ha. The different treatments received 2 levels of additional mineral fertilizer: without or optimum mineral fertilization. The crops rotation is corn maize / winter wheat / sugar beet / malting barley.\nSite and plots are equipped for continuous monitoring of meteorological data, soil humidity, water tension and temperature. One plot of each treatment is equipped with wick lysimeters to a depth of 0.45 m. Since 2009, six large lysimeters (4m² and 1m deep, bare soil) complete the field experiment, with 2 replicates of 3 organic treatments: Urban sewage sludge, Composted sewage sludge and Control without organic amendment. They are also equipped to measure the hydrodynamic balance: soil humidity, water tension, temperature, volume of leachate.\nA Large set of variables mainly including nutrients and pollutants (trace elements, PAH, PCB), are monitored on different compartments of the agro-system: organic amendments physico-chemical and biochemical characteristics, soils analytical characteristics per layer, crop yields, plants quality, rainwater chemical composition, leachate, microbial biomass and activities.\nData will be stored in a common database specifically developed for the SOERE PRO network and connected with other SOERE.\nSoils, organic amendments and plants samples are kept in collection and available for further measurements.",
 "theme/category": null,
 "dateCreated": "2001-01-01",
 "creditText": null,
 "datePublished": "2017-06-13",
 "producer": null,
 "author": "Aurélia MICHAUD",
 "spatialCoverage": [
  "7.324027064606428",
  "7.349432948395419",
  "48.04624263946896",
  "48.06505998592947"
 ],
 "url": [],
 "temporal": "2001-01-01",
 "sponsor": null,
 "size": null,
 "sdPublisher": null,
 "sdLicense": null,
 "sameAs": null,
 "publication": null,
 "provider": null,
 "position": null,
 "name": "SOERE PRO Site of Colmar",
 "measurementTechnique": null,
 "material": null,
 "maintainer": null,
 "locationCreated": null,
 "issn": null,
 "isPartOf": null,
 "isBasedOn": null,
 "isAccessibleForFree": null,
 "includedInDataCatalog": null,
 "editor": null,
 "editEIDR": null,
 "copyrightYear": null,
 "copyrightNotice": null,
 "copyrightHolder": null,
 "contributor": null,
 "contentReferenceTime": null,
 "contentLocation": null,
 "character": null,
 "acquireLicensePage": null,
 "accessModeSufficient": null,
 "about": null,
 "rights": null,
 "relation": null,
 "qualified_relation": null,
 "qualified_attribution": null,
 "previous_version": null,
 "landing_page": "http://w3.avignon.inra.fr/geonetwork_anaee/c8912811-b542-4bae-b4b2-3c62a2812866",
 "is_referenced_by": null,
 "in_series": null,
 "has_version": null,
 "has_policy": null,
 "has_current_version": null,
 "useConstraints": null,
 "status": null,
 "spatialRepresentationType": "WGS 84 / TM 116 SE (EPSG:2309)",
 "spatialRepresentationInfo": null,
 "scope": null,
 "responsibleParty": "INRAE",
 "releasability": null,
 "reference": null,
 "purpose": null,
 "otherLocale": null,
 "metadataProfile": "ISO 19115:2003/19139",
 "metadataLinkage": null,
 "metadataIdentifier": null,
 "MD_LegalConstraints": null,
 "MD_Identification": null,
 "environmentDescription": null,
 "distributor": null,
 "distributionInfo": "Commission Regulation (EU) No 1089/2010 of 23 November 2010 implementing Directive 2007/2/EC of the European Parliament and of the Council as regards interoperability of spatial data sets and services",
 "dataQualityInfo": "Not evaluated",
 "contentInfo": null,
 "contact": null
}