{
 "description": null,
 "identifier": "dd9d31f9-b647-420f-9945-2f4942366534",
 "keywords": [],
 "language": "eng",
 "accessibilitySummary": null,
 "accountablePerson": null,
 "version": "1.0",
 "temporalCoverage": null,
 "publisher": null,
 "spatial": null,
 "license": "http://standards.iso.org/ittf/PubliclyAvailableStandards/ISO_19139_Schemas/resources/codelist/ML_gmxCodelists.xml#MD_RestrictionCode",
 "citation": null,
 "type/genre": null,
 "creator": null,
 "update/modification_date": "2017-06-02",
 "distribution": null,
 "image": "http://w3.avignon.inra.fr/geonetwork_anaee/srv/fre//resources.get?uuid=82b98e1a-e136-4814-a938-9d571983361d&fname=camp Inselberg07_s.png",
 "thumbnailUrl": null,
 "headline": null,
 "abstract": "AnaEE-France is the French national infrastructure devoted to the study of continental ecosystems and their biodiversity. It offers experimental facilities in controlled, semi-natural or natural environments, analysis platforms and shared instruments as well as modeling platforms and database Information Systems.\n\nThe data generated from the AnaEE-F services are mostly produced by the platforms and, in some cases, by the user of the services. Data produced by the platforms are either core data characterizing the environment of the site (weather, soil ...) or experience-specific data collected by the platform on behalf of the user (measurement of gas in a enclosed platform cell, temperature of a basin ...).\nData are stored in dedicated database IS. According to a FAIR OpenData policy, datasets become accessible at the end of the project and when completed.",
 "theme/category": null,
 "dateCreated": "2018-10-20",
 "creditText": null,
 "datePublished": "2018-07-12",
 "producer": null,
 "author": "Philippe Clastre",
 "spatialCoverage": [],
 "url": [
  "https://www.anaee-france.fr/en/about-us/introduction-to-anaee-france",
  "http://w3.avignon.inra.fr/geonetwork_anaee/srv/eng/catalog.search#/home",
  "http://w3.avignon.inra.fr/geonetwork_anaee/srv/eng/catalog.search#/metadata/20b9aa10-5aa5-48e3-bb61-e5a5746796ae",
  "http://w3.avignon.inra.fr/geonetwork_anaee/srv/eng/catalog.search#/metadata/d7d7f3bb-86dc-4c10-9661-dfa293c73862"
 ],
 "temporal": "2018-10-20",
 "sponsor": null,
 "size": null,
 "sdPublisher": null,
 "sdLicense": null,
 "sameAs": null,
 "publication": null,
 "provider": null,
 "position": null,
 "name": "Datasets from experimentations using the AnaEE services",
 "measurementTechnique": null,
 "material": null,
 "maintainer": null,
 "locationCreated": null,
 "issn": null,
 "isPartOf": null,
 "isBasedOn": null,
 "isAccessibleForFree": null,
 "includedInDataCatalog": null,
 "editor": null,
 "editEIDR": null,
 "copyrightYear": null,
 "copyrightNotice": null,
 "copyrightHolder": null,
 "contributor": null,
 "contentReferenceTime": null,
 "contentLocation": null,
 "character": null,
 "acquireLicensePage": null,
 "accessModeSufficient": null,
 "about": null,
 "rights": null,
 "relation": null,
 "qualified_relation": null,
 "qualified_attribution": null,
 "previous_version": null,
 "landing_page": "http://w3.avignon.inra.fr/geonetwork_anaee/srv/eng/catalog.search#/metadata/dd9d31f9-b647-420f-9945-2f4942366534",
 "is_referenced_by": null,
 "in_series": null,
 "has_version": null,
 "has_policy": null,
 "has_current_version": null,
 "useConstraints": null,
 "status": null,
 "spatialRepresentationType": "WGS 84 / TM 116 SE (EPSG:2309)",
 "spatialRepresentationInfo": null,
 "scope": null,
 "responsibleParty": "INRA",
 "releasability": null,
 "reference": null,
 "purpose": null,
 "otherLocale": null,
 "metadataProfile": "ISO 19115:2003/19139",
 "metadataLinkage": null,
 "metadataIdentifier": null,
 "MD_LegalConstraints": null,
 "MD_Identification": null,
 "environmentDescription": null,
 "distributor": null,
 "distributionInfo": "Commission Regulation (EU) No 1089/2010 of 23 November 2010 implementing Directive 2007/2/EC of the European Parliament and of the Council as regards interoperability of spatial data sets and services",
 "dataQualityInfo": "Not evaluated",
 "contentInfo": null,
 "contact": null
}