{
 "description": null,
 "identifier": "ec151f7d-fa3f-49b2-8603-0eda7589a3a4",
 "keywords": [],
 "language": "eng",
 "accessibilitySummary": null,
 "accountablePerson": null,
 "version": "1.0",
 "temporalCoverage": null,
 "publisher": null,
 "spatial": null,
 "license": "http://standards.iso.org/ittf/PubliclyAvailableStandards/ISO_19139_Schemas/resources/codelist/ML_gmxCodelists.xml#MD_RestrictionCode",
 "citation": null,
 "type/genre": null,
 "creator": null,
 "update/modification_date": "2017-06-02",
 "distribution": null,
 "image": "http://w3.avignon.inra.fr/geonetwork_anaee/srv/fre//resources.get?uuid=82b98e1a-e136-4814-a938-9d571983361d&fname=camp Inselberg07_s.png",
 "thumbnailUrl": null,
 "headline": null,
 "abstract": "AnaEE-France is the French national infrastructure devoted to the study of continental ecosystems and their biodiversity. It offers experimental facilities in controlled, semi-natural or natural environments, analysis platforms and shared instruments as well as modeling platforms and database Information Systems.\n\nThe research project that use the AnaEE-F experimental facilities will be described by general metadata (description of the experiment, type of ecosystem, studied variables, manipulated factors)",
 "theme/category": null,
 "dateCreated": "2018-10-20",
 "creditText": null,
 "datePublished": "2018-07-12",
 "producer": null,
 "author": "Philippe Clastre",
 "spatialCoverage": [],
 "url": [
  "https://www.anaee-france.fr/en/about-us/introduction-to-anaee-france",
  "http://w3.avignon.inra.fr/geonetwork_anaee/srv/eng/catalog.search#/home",
  "http://w3.avignon.inra.fr/geonetwork_anaee/srv/eng/catalog.search#/metadata/08508ba3-5a7d-44eb-8dc0-06a5c92a9472"
 ],
 "temporal": "2018-10-20",
 "sponsor": null,
 "size": null,
 "sdPublisher": null,
 "sdLicense": null,
 "sameAs": null,
 "publication": null,
 "provider": null,
 "position": null,
 "name": "Projects of experimentation on ecosystems using the AnaEE services",
 "measurementTechnique": null,
 "material": null,
 "maintainer": null,
 "locationCreated": null,
 "issn": null,
 "isPartOf": null,
 "isBasedOn": null,
 "isAccessibleForFree": null,
 "includedInDataCatalog": null,
 "editor": null,
 "editEIDR": null,
 "copyrightYear": null,
 "copyrightNotice": null,
 "copyrightHolder": null,
 "contributor": null,
 "contentReferenceTime": null,
 "contentLocation": null,
 "character": null,
 "acquireLicensePage": null,
 "accessModeSufficient": null,
 "about": null,
 "rights": null,
 "relation": null,
 "qualified_relation": null,
 "qualified_attribution": null,
 "previous_version": null,
 "landing_page": "http://w3.avignon.inra.fr/geonetwork_anaee/srv/eng/catalog.search#/metadata/ec151f7d-fa3f-49b2-8603-0eda7589a3a4",
 "is_referenced_by": null,
 "in_series": null,
 "has_version": null,
 "has_policy": null,
 "has_current_version": null,
 "useConstraints": null,
 "status": null,
 "spatialRepresentationType": "WGS 84 / TM 116 SE (EPSG:2309)",
 "spatialRepresentationInfo": null,
 "scope": null,
 "responsibleParty": "INRA",
 "releasability": null,
 "reference": null,
 "purpose": null,
 "otherLocale": null,
 "metadataProfile": "ISO 19115:2003/19139",
 "metadataLinkage": null,
 "metadataIdentifier": null,
 "MD_LegalConstraints": null,
 "MD_Identification": null,
 "environmentDescription": null,
 "distributor": null,
 "distributionInfo": "Commission Regulation (EU) No 1089/2010 of 23 November 2010 implementing Directive 2007/2/EC of the European Parliament and of the Council as regards interoperability of spatial data sets and services",
 "dataQualityInfo": "Not evaluated",
 "contentInfo": null,
 "contact": null
}