{
 "description": null,
 "identifier": "ee520bf5-f86b-4064-97ce-8fb308d17efb",
 "keywords": [
  "simulation",
  "crop model",
  "formalism",
  "modelling platform",
  "dynamic modelling",
  "AnaEE-France",
  "climate model",
  "dispersion model",
  "software development",
  "agro-ecosystem model"
 ],
 "language": "eng",
 "accessibilitySummary": null,
 "accountablePerson": null,
 "version": "1.0",
 "temporalCoverage": null,
 "publisher": null,
 "spatial": null,
 "license": "http://standards.iso.org/ittf/PubliclyAvailableStandards/ISO_19139_Schemas/resources/codelist/ML_gmxCodelists.xml#MD_RestrictionCode",
 "citation": null,
 "type/genre": null,
 "creator": null,
 "update/modification_date": "2020-01-03",
 "distribution": null,
 "image": "http://w3.avignon.inra.fr/geonetwork_anaee/srv/fre//resources.get?uuid=82b98e1a-e136-4814-a938-9d571983361d&fname=camp Inselberg07_s.png",
 "thumbnailUrl": null,
 "headline": null,
 "abstract": "The scope of the platform is the modelling and the simulation of agro-ecosystems. Modelling and simulation are popular to better understand agro-ecosystems, to design new ones for specific purposes and to quickly analyze a large number of them in a variety of situations by virtual experiments. However, the development and use of these models require the involvement of several scientific disciplines such as agronomy, animal science, economics, statistics and computer science. This leads to a real trouble when integrating all the necessary components in the time dedicated to the modelling phase of a project, and very often by excessive specialization patterns around one aspect of the system. The platform aims to improve quality and efficiency of modelling, by providing convenient tools and by allowing better sharing and reuse of modelling works.\nThe platform provides different services: Software services to build and simulate models, a library of models, interoperability solutions, expertise on modelling projects and their management, training session, animation of modelers communities.",
 "theme/category": null,
 "dateCreated": "2018-10-20",
 "creditText": null,
 "datePublished": "2017-05-30",
 "producer": null,
 "author": "Philippe Clastre",
 "spatialCoverage": [
  "1.495207898318709",
  "1.5004006549714852",
  "43.52957679353096",
  "43.53318596026331"
 ],
 "url": [],
 "temporal": "2018-10-20",
 "sponsor": null,
 "size": null,
 "sdPublisher": null,
 "sdLicense": null,
 "sameAs": null,
 "publication": null,
 "provider": null,
 "position": null,
 "name": "RECORD modelling and simulating platform for agroecosystems",
 "measurementTechnique": null,
 "material": null,
 "maintainer": null,
 "locationCreated": null,
 "issn": null,
 "isPartOf": null,
 "isBasedOn": null,
 "isAccessibleForFree": null,
 "includedInDataCatalog": null,
 "editor": null,
 "editEIDR": null,
 "copyrightYear": null,
 "copyrightNotice": null,
 "copyrightHolder": null,
 "contributor": null,
 "contentReferenceTime": null,
 "contentLocation": null,
 "character": null,
 "acquireLicensePage": null,
 "accessModeSufficient": null,
 "about": null,
 "rights": null,
 "relation": null,
 "qualified_relation": null,
 "qualified_attribution": null,
 "previous_version": null,
 "landing_page": "http://w3.avignon.inra.fr/geonetwork_anaee/srv/eng/catalog.search#/metadata/ee520bf5-f86b-4064-97ce-8fb308d17efb",
 "is_referenced_by": null,
 "in_series": null,
 "has_version": null,
 "has_policy": null,
 "has_current_version": null,
 "useConstraints": null,
 "status": null,
 "spatialRepresentationType": "WGS 84 / TM 116 SE (EPSG:2309)",
 "spatialRepresentationInfo": null,
 "scope": null,
 "responsibleParty": "INRA",
 "releasability": null,
 "reference": null,
 "purpose": null,
 "otherLocale": null,
 "metadataProfile": "ISO 19115:2003/19139",
 "metadataLinkage": null,
 "metadataIdentifier": null,
 "MD_LegalConstraints": null,
 "MD_Identification": null,
 "environmentDescription": null,
 "distributor": null,
 "distributionInfo": "Commission Regulation (EU) No 1089/2010 of 23 November 2010 implementing Directive 2007/2/EC of the European Parliament and of the Council as regards interoperability of spatial data sets and services",
 "dataQualityInfo": "Not evaluated",
 "contentInfo": null,
 "contact": null
}