{
 "description": null,
 "identifier": "f0dafd0b-3462-45b1-9062-538c2296d030",
 "keywords": [
  "climate change",
  "long term monitoring",
  "long term experiment",
  "AnaEE-France",
  "plant",
  "greenhouse gas",
  "arable land",
  "land use",
  "biogeochemical cycle",
  "anthropogenic disturbances",
  "crop",
  "animals"
 ],
 "language": "eng",
 "accessibilitySummary": null,
 "accountablePerson": null,
 "version": "1.0",
 "temporalCoverage": null,
 "publisher": null,
 "spatial": null,
 "license": "http://standards.iso.org/ittf/PubliclyAvailableStandards/ISO_19139_Schemas/resources/codelist/ML_gmxCodelists.xml#MD_RestrictionCode",
 "citation": null,
 "type/genre": null,
 "creator": null,
 "update/modification_date": "2020-01-03",
 "distribution": null,
 "image": "http://w3.avignon.inra.fr/geonetwork_anaee/srv/fre//resources.get?uuid=82b98e1a-e136-4814-a938-9d571983361d&fname=camp Inselberg07_s.png",
 "thumbnailUrl": null,
 "headline": null,
 "abstract": "The Estrées-Mons platform is dedicated to field crops. It evaluates the effect of agricultural practices and their interactions on carbon and nitrogen cycles in the soil-plant-water-atmosphere system. Nitrate leaching, evolution of soil organic matter and greenhouse gas emissions (CO2, N2O) are monitored according to the level of nitrogen intensification, export of crop residues, soil tillage, legume frequency and the nature of the rotation. The key issue is to understand how the high variation in carbon and nitrate inputs affects their cycles in more or less intensified systems.",
 "theme/category": null,
 "dateCreated": "2020-01-03",
 "creditText": null,
 "datePublished": "2017-06-13",
 "producer": null,
 "author": "Philippe Clastre",
 "spatialCoverage": [
  null,
  null,
  null,
  null
 ],
 "url": [
  "http://www.soere-acbb.com"
 ],
 "temporal": "2020-01-03",
 "sponsor": null,
 "size": null,
 "sdPublisher": null,
 "sdLicense": null,
 "sameAs": null,
 "publication": null,
 "provider": null,
 "position": null,
 "name": "SOERE ACBB Estrées-Mons Platform",
 "measurementTechnique": null,
 "material": null,
 "maintainer": null,
 "locationCreated": null,
 "issn": null,
 "isPartOf": null,
 "isBasedOn": null,
 "isAccessibleForFree": null,
 "includedInDataCatalog": null,
 "editor": null,
 "editEIDR": null,
 "copyrightYear": null,
 "copyrightNotice": null,
 "copyrightHolder": null,
 "contributor": null,
 "contentReferenceTime": null,
 "contentLocation": null,
 "character": null,
 "acquireLicensePage": null,
 "accessModeSufficient": null,
 "about": null,
 "rights": null,
 "relation": null,
 "qualified_relation": null,
 "qualified_attribution": null,
 "previous_version": null,
 "landing_page": "http://w3.avignon.inra.fr/geonetwork_anaee/srv/eng/catalog.search#/metadata/f0dafd0b-3462-45b1-9062-538c2296d030",
 "is_referenced_by": null,
 "in_series": null,
 "has_version": null,
 "has_policy": null,
 "has_current_version": null,
 "useConstraints": null,
 "status": null,
 "spatialRepresentationType": "WGS 84 / TM 116 SE (EPSG:2309)",
 "spatialRepresentationInfo": null,
 "scope": null,
 "responsibleParty": "INRA",
 "releasability": null,
 "reference": null,
 "purpose": null,
 "otherLocale": null,
 "metadataProfile": "ISO 19115:2003/19139",
 "metadataLinkage": null,
 "metadataIdentifier": null,
 "MD_LegalConstraints": null,
 "MD_Identification": null,
 "environmentDescription": null,
 "distributor": null,
 "distributionInfo": "Commission Regulation (EU) No 1089/2010 of 23 November 2010 implementing Directive 2007/2/EC of the European Parliament and of the Council as regards interoperability of spatial data sets and services",
 "dataQualityInfo": "Not evaluated",
 "contentInfo": null,
 "contact": null
}