{
 "description": null,
 "identifier": "fd85ef74-988e-44c7-bb1b-c3655e6e5137",
 "keywords": [],
 "language": "eng",
 "accessibilitySummary": null,
 "accountablePerson": null,
 "version": "1.0",
 "temporalCoverage": null,
 "publisher": null,
 "spatial": null,
 "license": "http://standards.iso.org/ittf/PubliclyAvailableStandards/ISO_19139_Schemas/resources/codelist/ML_gmxCodelists.xml#MD_RestrictionCode",
 "citation": null,
 "type/genre": null,
 "creator": null,
 "update/modification_date": "2020-01-03",
 "distribution": null,
 "image": "http://w3.avignon.inra.fr/geonetwork_anaee/srv/fre//resources.get?uuid=82b98e1a-e136-4814-a938-9d571983361d&fname=camp Inselberg07_s.png",
 "thumbnailUrl": null,
 "headline": null,
 "abstract": "Observation and Experimentation Systems for Environmental Research (SOERE, AllEnvi label) are network of sites  devoted to the long term study of environment. \nInformation Systems are developed by the INRA EcoInformatic Group in order to manage data collected from the SOERE and others long-term observatory sites coordinated or jointly coordinated by INRA (F-ORE-T: forest ecosystems; ACBB: grassland and field crop agroecosystems; PRO, soils and impact of organic waste products; OLA, Observatoire des LACs alpins).\nThe process of development of a SOERE Information System is based on a collaborative approach involving a core group of informatics engineers located in INRA Infosol Service Unit and partners from the SOERE.\nThe whole Information System is composed by a core software component (the kernel), common to all IS, and plugins specific to the different types of data  (Climate, Flux, Phytoplankton, Zooplankton...).\nEach IS is accessible through specific web interfaces.\nAll components are based on Java technologies.",
 "theme/category": null,
 "dateCreated": "2009-04-01",
 "creditText": null,
 "datePublished": "2008-06-01",
 "producer": null,
 "author": "Philippe Clastre",
 "spatialCoverage": [
  "-5.7",
  "9.5",
  "41.3",
  "51"
 ],
 "url": [
  "https://forge.orleans.inra.fr/projects/si-ore-soere-inra",
  "https://si-foret-ecofor.fr",
  "https://si-acbb.inra.fr"
 ],
 "temporal": "2009-04-01",
 "sponsor": null,
 "size": null,
 "sdPublisher": null,
 "sdLicense": null,
 "sameAs": null,
 "publication": null,
 "provider": null,
 "position": null,
 "name": "Information Systems for the \"Observation and Experimentation Systems for Environmental Research\" (SOERE)",
 "measurementTechnique": null,
 "material": null,
 "maintainer": null,
 "locationCreated": null,
 "issn": null,
 "isPartOf": null,
 "isBasedOn": null,
 "isAccessibleForFree": null,
 "includedInDataCatalog": null,
 "editor": null,
 "editEIDR": null,
 "copyrightYear": null,
 "copyrightNotice": null,
 "copyrightHolder": null,
 "contributor": null,
 "contentReferenceTime": null,
 "contentLocation": null,
 "character": null,
 "acquireLicensePage": null,
 "accessModeSufficient": null,
 "about": null,
 "rights": null,
 "relation": null,
 "qualified_relation": null,
 "qualified_attribution": null,
 "previous_version": null,
 "landing_page": "http://w3.avignon.inra.fr/geonetwork_anaee/srv/eng/catalog.search#/metadata/f322b815-bd15-4d72-841a-9b5acca44a50",
 "is_referenced_by": null,
 "in_series": null,
 "has_version": null,
 "has_policy": null,
 "has_current_version": null,
 "useConstraints": null,
 "status": null,
 "spatialRepresentationType": "WGS 84 / TM 116 SE (EPSG:2309)",
 "spatialRepresentationInfo": null,
 "scope": null,
 "responsibleParty": "INRA",
 "releasability": null,
 "reference": null,
 "purpose": null,
 "otherLocale": null,
 "metadataProfile": "ISO 19115:2003/19139",
 "metadataLinkage": null,
 "metadataIdentifier": null,
 "MD_LegalConstraints": null,
 "MD_Identification": null,
 "environmentDescription": null,
 "distributor": null,
 "distributionInfo": "Commission Regulation (EU) No 1089/2010 of 23 November 2010 implementing Directive 2007/2/EC of the European Parliament and of the Council as regards interoperability of spatial data sets and services",
 "dataQualityInfo": "Not evaluated",
 "contentInfo": null,
 "contact": null
}