{
 "description": null,
 "identifier": "fdd9e7d7-ee67-4d3c-bc8c-5d6c389de3ad",
 "keywords": [
  "AnaEE-France",
  "organic fertilisation",
  "rotation",
  "livestock manure",
  "tillage",
  "organic waste products",
  "loamy soil",
  "Le Rheu"
 ],
 "language": "eng",
 "accessibilitySummary": null,
 "accountablePerson": null,
 "version": "1.0",
 "temporalCoverage": null,
 "publisher": null,
 "spatial": null,
 "license": "http://standards.iso.org/ittf/PubliclyAvailableStandards/ISO_19139_Schemas/resources/codelist/ML_gmxCodelists.xml#MD_RestrictionCode",
 "citation": null,
 "type/genre": null,
 "creator": null,
 "update/modification_date": "2020-01-03",
 "distribution": null,
 "image": "http://w3.avignon.inra.fr/geonetwork_anaee/srv/fre//resources.get?uuid=82b98e1a-e136-4814-a938-9d571983361d&fname=camp Inselberg07_s.png",
 "thumbnailUrl": null,
 "headline": null,
 "abstract": "The site of EFELE (Effluents d’Elevage et Environnement) is part of the french network labeled as SOERE PRO. The objectives of EFELE are the same as QualiAgro and Colmar sites : the aim of the project is to characterize the long term effects of organic products applications on soil properties and to quantify their effects on water and air quality. \nThe experimental site was initiated in 2012 and is located in Brittany, at Le Rheu. The soil is a loamy soil (neoluvisol  à luvisol/redoxisol). The field is managed with a maize/ wheat crop rotation, and white mustard is sown after the wheat  to cover the soil during the intercropping period. \nTwo trials are studied at EFELE site :  \n-\tA first trial named « PROs » is structured as a complete randomized block design with 4 replicates. The effects of 5 typical animal wastes are compared to control treatments : i) cattle farmyard manure and composted pig manure are applied every 2 years before maize sowing, and ii) layers manure, pig slurry and a digestate obtained after pig slurry digestion are applied in spring, on wheat vegetation at early spring or just before maize sowing. The rates of application range from 50 t ha-1 for cattle manure, 25 t ha-1 for composted pig manure, 20-25 t ha-1 for the slurry and the digestate and 3 t ha-1 for layers manure, \n-\tA second trial named « TS/MO »  is structured as a band trial with 3 replicates. The objectives of this trial are to study the effects of cattle farmyard manure on soil properties under conventional tillage and reduced tillage. \nThe meteorological data are monitored on the site, and 7 experimental plots are equipped with TDR probes (TRASE system), tensiometers (UMS T4e) and temperature probes placed at the depth of 13, 40, 60, 80 and 110 cm. Data are collected at a hourly time step. 10 plots are also equipped with wick lysimeters (0.25 x 0.50 m) placed at the depth of 40 and 90 cm. \nThe monitoring of N2O and CO2 emission is done by a set of 6 automatics chambers.\nThe soil surface layer (0-25 cm) is sampled every year before the animal wastes application, to characterize the evolution of the physical, biological and chemical properties. \nSoil, plant and animal wastes samples are kept in collection.",
 "theme/category": null,
 "dateCreated": "2010-01-01",
 "creditText": null,
 "datePublished": "2017-06-13",
 "producer": null,
 "author": "Philippe Clastre",
 "spatialCoverage": [
  "-1.78515",
  "-1.79511",
  "48.11768",
  "48.12272"
 ],
 "url": [],
 "temporal": "2010-01-01",
 "sponsor": null,
 "size": null,
 "sdPublisher": null,
 "sdLicense": null,
 "sameAs": null,
 "publication": null,
 "provider": null,
 "position": null,
 "name": "Site EFELE of SOERE PRO",
 "measurementTechnique": null,
 "material": null,
 "maintainer": null,
 "locationCreated": null,
 "issn": null,
 "isPartOf": null,
 "isBasedOn": null,
 "isAccessibleForFree": null,
 "includedInDataCatalog": null,
 "editor": null,
 "editEIDR": null,
 "copyrightYear": null,
 "copyrightNotice": null,
 "copyrightHolder": null,
 "contributor": null,
 "contentReferenceTime": null,
 "contentLocation": null,
 "character": null,
 "acquireLicensePage": null,
 "accessModeSufficient": null,
 "about": null,
 "rights": null,
 "relation": null,
 "qualified_relation": null,
 "qualified_attribution": null,
 "previous_version": null,
 "landing_page": "http://w3.avignon.inra.fr/geonetwork_anaee/srv/eng/catalog.search#/metadata/fdd9e7d7-ee67-4d3c-bc8c-5d6c389de3ad",
 "is_referenced_by": null,
 "in_series": null,
 "has_version": null,
 "has_policy": null,
 "has_current_version": null,
 "useConstraints": null,
 "status": null,
 "spatialRepresentationType": "WGS 84 / TM 116 SE (EPSG:2309)",
 "spatialRepresentationInfo": null,
 "scope": null,
 "responsibleParty": "INRA",
 "releasability": null,
 "reference": null,
 "purpose": null,
 "otherLocale": null,
 "metadataProfile": "ISO 19115:2003/19139",
 "metadataLinkage": null,
 "metadataIdentifier": null,
 "MD_LegalConstraints": null,
 "MD_Identification": null,
 "environmentDescription": null,
 "distributor": null,
 "distributionInfo": "Commission Regulation (EU) No 1089/2010 of 23 November 2010 implementing Directive 2007/2/EC of the European Parliament and of the Council as regards interoperability of spatial data sets and services",
 "dataQualityInfo": "Not evaluated",
 "contentInfo": null,
 "contact": null
}