{
 "description": null,
 "identifier": "08b1c286-760a-46fa-94f7-1c113c6e5aa4",
 "keywords": [
  "AnaEE-France",
  "community ecology",
  "animal ecology",
  "biotic interactions",
  "tropical ecology",
  "population ecology",
  "tropical forest ecosystem"
 ],
 "language": "eng",
 "accessibilitySummary": null,
 "accountablePerson": null,
 "version": "1.0",
 "temporalCoverage": null,
 "publisher": null,
 "spatial": null,
 "license": "http://standards.iso.org/ittf/PubliclyAvailableStandards/ISO_19139_Schemas/resources/codelist/ML_gmxCodelists.xml#MD_RestrictionCode",
 "citation": null,
 "type/genre": null,
 "creator": null,
 "update/modification_date": null,
 "distribution": null,
 "image": null,
 "thumbnailUrl": null,
 "headline": null,
 "abstract": "The Nouragues Ecological Research Station is a scientific station managed by Centre National de la Recherche Scientifique. It is located at the heart of a tropical rain forest, in the Nouragues Natural Reserve, French Guiana. It is a privileged equipment for the study of the functioning of tropical forests and their biodiversity. The Nouragues station is organized around two permanent camps (Inselberg camp and Pararé camp), 8 km away from each other. These two sites are equipped to welcome scientists from a few days to several months.",
 "theme/category": null,
 "dateCreated": "2015-06-25",
 "creditText": null,
 "datePublished": "2017-06-13",
 "producer": null,
 "author": [
  "Élodie COURTOIS"
 ],
 "spatialCoverage": [
  -54.6,
  -51.6,
  5.7,
  2.1
 ],
 "url": [],
 "temporal": "2015-06-25",
 "sponsor": null,
 "size": null,
 "sdPublisher": null,
 "sdLicense": null,
 "sameAs": null,
 "publication": null,
 "provider": null,
 "position": null,
 "name": "Nouragues ecological research stations",
 "measurementTechnique": null,
 "material": null,
 "maintainer": null,
 "locationCreated": null,
 "issn": null,
 "isPartOf": null,
 "isBasedOn": null,
 "isAccessibleForFree": null,
 "includedInDataCatalog": null,
 "editor": null,
 "editEIDR": null,
 "copyrightYear": null,
 "copyrightNotice": null,
 "copyrightHolder": null,
 "contributor": null,
 "contentReferenceTime": null,
 "contentLocation": null,
 "character": null,
 "acquireLicensePage": null,
 "accessModeSufficient": null,
 "about": null,
 "rights": null,
 "relation": null,
 "qualified_relation": null,
 "qualified_attribution": null,
 "previous_version": null,
 "landing_page": "http://w3.avignon.inra.fr/geonetwork_anaee/srv/eng/catalog.search#/metadata/08b1c286-760a-46fa-94f7-1c113c6e5aa4",
 "is_referenced_by": null,
 "in_series": null,
 "has_version": null,
 "has_policy": null,
 "has_current_version": null,
 "useConstraints": null,
 "status": null,
 "spatialRepresentationType": null,
 "spatialRepresentationInfo": null,
 "scope": null,
 "responsibleParty": "CNRS",
 "releasability": null,
 "reference": null,
 "purpose": null,
 "otherLocale": null,
 "metadataProfile": "ISO 19115:2003/19139",
 "metadataLinkage": null,
 "metadataIdentifier": null,
 "MD_LegalConstraints": null,
 "MD_Identification": null,
 "environmentDescription": null,
 "distributor": "AnaEE",
 "distributionInfo": "Commission Regulation (EU) No 1089/2010 of 23 November 2010 implementing Directive 2007/2/EC of the European Parliament and of the Council as regards interoperability of spatial data sets and services",
 "dataQualityInfo": "Not evaluated",
 "contentInfo": null,
 "contact": null
}