{
 "description": "N/A",
 "identifier": "09d4c15b-fd36-482f-aae1-68fe1570dedf",
 "keywords": [
  "probe",
  "chlorophyll",
  "zooplankton",
  "transparency",
  "Oxygen",
  "Phosphorus",
  "primary production",
  "physicochemical analysis",
  "chemistry",
  "water",
  "phytoplankton",
  "nutrients",
  "pH",
  "lake",
  "freshwater",
  "AnaEE-France",
  "Nitrogen",
  "planktonic crustacea",
  "macroplankton",
  "planktonic community",
  "plankton",
  "picoplankton",
  "microplankton"
 ],
 "language": "eng",
 "accessibilitySummary": "N/A",
 "accountablePerson": "N/A",
 "version": "1.0",
 "temporalCoverage": "N/A",
 "publisher": "N/A",
 "spatial": "N/A",
 "longitude": 6.372964471951272,
 "latitude": 46.103184404234824,
 "license": "http://standards.iso.org/ittf/PubliclyAvailableStandards/ISO_19139_Schemas/resources/codelist/ML_gmxCodelists.xml#MD_RestrictionCode",
 "citation": "N/A",
 "genre": "N/A",
 "creator": "N/A",
 "modification_date": "N/A",
 "distribution": "N/A",
 "image": "N/A",
 "thumbnailUrl": "N/A",
 "headline": "N/A",
 "abstract": "Data obtained from the INRA CARRTEL laboratory in Thonon-les-Bains (SOERE-OLA: Observation and Experimental Systems for Environmental Research - LAke Observatory) in collaboration with SILA (Intercommunal Syndicate of Lake Annecy) Manager of the lake. These data cover different topics:\n   The variables of the physico-chemistry theme are: nitrogen, calcium, carbon, chlorides, conductivity, magnesium, dissolved oxygen, pH, phosphorus, potassium, reactive silica, sodium, sulphate, temperature, complete alkalimetric titre. Data taken at various depths throughout the lake's water column. The water column is made at the deepest point of the lake (65m). The samples are taken every 15 days. Without being continuous the period concerns a follow-up from the years 1965 to the present day (Absence of data between 1982 and May 1990).\n   The variables of the chlorophyll theme are: chlorophyll a strickland-parsons, chlorophyll c, carotenoids, chlorophyll a scor-unesco, pheopigments.\n   The variables of the topic sampling conditions are: air temperature, cloudiness, sunshine, weather, wind direction, wind speed, atmospheric pressure, water aspect, surface condition, transparency, color of water.\n   The variables of the phytoplankton theme are: determiner name, sedimented volume, counting surface, determined taxon, number of counted fields, number of objects counted, number of objects per ml, number of cells per ml, biovolume of species In the sample.\n   The variables of the primary production theme are: duration of incubation, primary production by actual incubation duration, primary production per hour, primary production by median third.\n   The variables of the probe theme are: depth, temperature, chlorophyll a, pH conductivity, oxygen, oxygen saturation rate, turbidity, transparency, by w, by a, pc.\n   The variables of the zooplankton theme are: name of the determiner, sedimented biovolume, name of the taxon determined, stage of development, number of individuals.",
 "category": "N/A",
 "dateCreated": "2016-12-20",
 "creditText": "N/A",
 "datePublished": "2017-03-27",
 "producer": "N/A",
 "author": [
  "Élodie COURTOIS"
 ],
 "spatialCoverage": [
  5.724771112576246,
  7.021157831326298,
  45.642341356272304,
  46.564027452197344
 ],
 "url": [],
 "temporal": "2016-12-20",
 "sponsor": "N/A",
 "size": "N/A",
 "sdPublisher": "N/A",
 "sdLicense": "N/A",
 "sameAs": "N/A",
 "publication": "N/A",
 "provider": "N/A",
 "position": "N/A",
 "name": "SOERE OLA : Data from the Observatory on LAkes for Annecy Lake",
 "measurementTechnique": "N/A",
 "material": "N/A",
 "maintainer": "N/A",
 "locationCreated": "N/A",
 "issn": "N/A",
 "isPartOf": "N/A",
 "isBasedOn": "N/A",
 "isAccessibleForFree": "N/A",
 "includedInDataCatalog": "N/A",
 "editor": "N/A",
 "editEIDR": "N/A",
 "copyrightYear": "N/A",
 "copyrightNotice": "N/A",
 "copyrightHolder": "N/A",
 "contributor": "N/A",
 "contentReferenceTime": "N/A",
 "contentLocation": "N/A",
 "character": "N/A",
 "acquireLicensePage": "N/A",
 "accessModeSufficient": "N/A",
 "about": "N/A",
 "rights": "N/A",
 "relation": "N/A",
 "qualified_relation": "N/A",
 "qualified_attribution": "N/A",
 "previous_version": "N/A",
 "landing_page": "http://w3.avignon.inra.fr/geonetwork_anaee/srv/eng/catalog.search#/metadata/08b1c286-760a-46fa-94f7-1c113c6e5aa4",
 "is_referenced_by": "N/A",
 "in_series": "N/A",
 "has_version": "N/A",
 "has_policy": "N/A",
 "has_current_version": "N/A",
 "useConstraints": "N/A",
 "status": "N/A",
 "spatialRepresentationType": "N/A",
 "spatialRepresentationInfo": "N/A",
 "scope": "N/A",
 "responsibleParty": "CNRS",
 "releasability": "N/A",
 "reference": "N/A",
 "purpose": "N/A",
 "otherLocale": "N/A",
 "metadataProfile": "ISO 19115:2003/19139",
 "metadataLinkage": "N/A",
 "metadataIdentifier": "N/A",
 "MD_LegalConstraints": "N/A",
 "MD_Identification": "N/A",
 "environmentDescription": "N/A",
 "distributor": "AnaEE",
 "distributionInfo": "Commission Regulation (EU) No 1089/2010 of 23 November 2010 implementing Directive 2007/2/EC of the European Parliament and of the Council as regards interoperability of spatial data sets and services",
 "dataQualityInfo": "Not evaluated",
 "contentInfo": "N/A",
 "contact": "N/A"
}