{
 "description": "N/A",
 "identifier": "27aeb479-5c59-421a-bef7-cba6ab0a647d",
 "keywords": [
  "AnaEE-France",
  "wind direction",
  "air temperature",
  "nitrous oxide flux",
  "air humidity",
  "pluviometry",
  "ammoniac flux",
  "evapotranspiration",
  "soil temperature",
  "soil granulometry",
  "global radiation",
  "wind velocity",
  "elements stock in litter",
  "soil water retention characteristics",
  "soil chemical and geochemical analysis",
  "soil organic matter, C, N",
  "soil organic contaminants",
  "dry bulk density of soil",
  "litter",
  "soil moisture",
  "soil trace elements",
  "soil oxyhydroxydes",
  "soil solution major elements",
  "mineralogy",
  "soil cation exchange capacity",
  "carbon dioxide flux",
  "soil solution DOC",
  "soil major elements",
  "soil hydraulic conductivity",
  "soil solution anion",
  "soil phosphorus and potassium",
  "soil solution trace elements",
  "trace elements content in organic amendment",
  "major elements content of the organic amendment",
  "soil solution phosphorus content",
  "soil solution PO3- content",
  "soil solution pH",
  "dry matter of the organic amendment",
  "soil solution chemical analysis",
  "soil solution sulfate content",
  "Soil PH",
  "soil solution NO3- content",
  "soil biomass",
  "soil solution NO2 content",
  "soil solution nitrogen content",
  "residual moisture content of the organic amendment",
  "soil solution cation",
  "P and K content in organic amendment",
  "microbial biomass",
  "chemical and geochemical analysis of the organic amendment",
  "soil fauna",
  "microbial diversity",
  "organic matter, C, N content in organic amendment",
  "vegetation major element content",
  "yield",
  "soil worms",
  "vegetation mineralomass",
  "soil gaz analysis",
  "vegetation nitrogen content",
  "enzymatic marker",
  "vegetation carbon content",
  "microbial activity"
 ],
 "language": "eng",
 "accessibilitySummary": "N/A",
 "accountablePerson": "N/A",
 "version": "1.0",
 "temporalCoverage": "N/A",
 "publisher": "N/A",
 "spatial": "N/A",
 "longitude": 1.9,
 "latitude": 46.15,
 "license": "http://standards.iso.org/ittf/PubliclyAvailableStandards/ISO_19139_Schemas/resources/codelist/ML_gmxCodelists.xml#MD_RestrictionCode",
 "citation": "N/A",
 "genre": "N/A",
 "creator": "N/A",
 "modification_date": "N/A",
 "distribution": "N/A",
 "image": "N/A",
 "thumbnailUrl": "N/A",
 "headline": "N/A",
 "abstract": "The SOERE PRO Reunion is one of the experimental sites of SOERE PRO. The site hosts a long-term experiment (2013-2030) for the study of the environmental impact of the recovery of organic waste products (PRO) in annual sugar cane crop (semi-perennial plant) by analyzing the impact spreading of these products of agricultural and urban origin on the quality of the soil, the quality of the plants harvested on the amended soils, the quality of the water circulating in the amended soils and migrating towards the ground or superficial waters, the gaseous emissions.\nThe measuring device is designed to analyze the dynamics of organic matter in soils and the functioning of associated biogeochemical cycles, the fate of organic and metallic trace pollutants brought by organic waste products and the biological and microbiological functioning of soils subject to regular spreading. .\nThe site is located on the island of Reunion, at the Experimental Station of Mare which has a tropical climate with an average temperature of 25 ° C and average rainfall of 2000 mm / year. The soil of the site is of Nitisol type (intensely altered tropical soil). The experiment covers an area of ​​1 ha with a sugar cane crop with an 8-year replanting cycle. This device comprises 5 blocks of 6 parcels. Each plot measures 9m x 27m. Each of the five blocks presents the following treatments: mineral control, agronomic control, Step sludge, compost of Step sludge and green waste (only every 4 years buried during the replanting of the cane or on the surface), hog manure , poultry litter (only every 4 years buried when replanting the cane or on the surface). A plot is also maintained in bare soil with the same different modalities.\nThe site is equipped with lysimetric devices to collect the soil solution, instruments to monitor the water flow in the soil, twelve automated measurement chambers of the gases emitted by the ground, a complete weather station. Soils, PROs brought, plants are sampled every year and kept. The analyzes of major elements and the main traces are systematically carried out. Point of contact: Frédéric Feder (frederic.feder@cirad.fr).",
 "category": "N/A",
 "dateCreated": "2013-01-01",
 "creditText": "N/A",
 "datePublished": "2018-07-12",
 "producer": "N/A",
 "author": [
  "Élodie COURTOIS"
 ],
 "spatialCoverage": [
  -5.7,
  9.5,
  41.3,
  51.0
 ],
 "url": [
  "https://www.allenvi.fr/groupes-transversaux/infrastructures-de-recherche/pro",
  "https://www6.inra.fr/valor-pro/SOERE-PRO-les-sites/SOERE-PRO-Reunion",
  "https://ur-recyclage-risque.cirad.fr/principaux-projets/soere-pro-la-reunion"
 ],
 "temporal": "2013-01-01",
 "sponsor": "N/A",
 "size": "N/A",
 "sdPublisher": "N/A",
 "sdLicense": "N/A",
 "sameAs": "N/A",
 "publication": "N/A",
 "provider": "N/A",
 "position": "N/A",
 "name": "SOERE PRO Reunion",
 "measurementTechnique": "N/A",
 "material": "N/A",
 "maintainer": "N/A",
 "locationCreated": "N/A",
 "issn": "N/A",
 "isPartOf": "N/A",
 "isBasedOn": "N/A",
 "isAccessibleForFree": "N/A",
 "includedInDataCatalog": "N/A",
 "editor": "N/A",
 "editEIDR": "N/A",
 "copyrightYear": "N/A",
 "copyrightNotice": "N/A",
 "copyrightHolder": "N/A",
 "contributor": "N/A",
 "contentReferenceTime": "N/A",
 "contentLocation": "N/A",
 "character": "N/A",
 "acquireLicensePage": "N/A",
 "accessModeSufficient": "N/A",
 "about": "N/A",
 "rights": "N/A",
 "relation": "N/A",
 "qualified_relation": "N/A",
 "qualified_attribution": "N/A",
 "previous_version": "N/A",
 "landing_page": "http://w3.avignon.inra.fr/geonetwork_anaee/srv/eng/catalog.search#/metadata/27aeb479-5c59-421a-bef7-cba6ab0a647d",
 "is_referenced_by": "N/A",
 "in_series": "N/A",
 "has_version": "N/A",
 "has_policy": "N/A",
 "has_current_version": "N/A",
 "useConstraints": "N/A",
 "status": "N/A",
 "spatialRepresentationType": "N/A",
 "spatialRepresentationInfo": "N/A",
 "scope": "N/A",
 "responsibleParty": "CNRS",
 "releasability": "N/A",
 "reference": "N/A",
 "purpose": "N/A",
 "otherLocale": "N/A",
 "metadataProfile": "ISO 19115:2003/19139",
 "metadataLinkage": "N/A",
 "metadataIdentifier": "N/A",
 "MD_LegalConstraints": "N/A",
 "MD_Identification": "N/A",
 "environmentDescription": "N/A",
 "distributor": "AnaEE",
 "distributionInfo": "Commission Regulation (EU) No 1089/2010 of 23 November 2010 implementing Directive 2007/2/EC of the European Parliament and of the Council as regards interoperability of spatial data sets and services",
 "dataQualityInfo": "Not evaluated",
 "contentInfo": "N/A",
 "contact": "N/A"
}