{
 "description": null,
 "identifier": "32367bcf-e2d5-4cf3-92bb-b1734fa670a2",
 "keywords": [
  "arable land",
  "biogeochemical cycle",
  "land use",
  "plant",
  "animals",
  "climate change",
  "microbial diversity",
  "biodiversity",
  "permanent grassland",
  "mowing",
  "grassland",
  "greenhouse gas",
  "soil organic matter",
  "crop",
  "long term monitoring",
  "grazing",
  "experimentation",
  "AnaEE-France",
  "agro-ecosystem",
  "Potassium",
  "anthropogenic disturbances",
  "long term experiment",
  "management practices",
  "Nitrogen"
 ],
 "language": "eng",
 "accessibilitySummary": null,
 "accountablePerson": null,
 "version": "1.0",
 "temporalCoverage": null,
 "publisher": null,
 "spatial": null,
 "license": "http://standards.iso.org/ittf/PubliclyAvailableStandards/ISO_19139_Schemas/resources/codelist/ML_gmxCodelists.xml#MD_RestrictionCode",
 "citation": null,
 "type/genre": null,
 "creator": null,
 "update/modification_date": null,
 "distribution": null,
 "image": null,
 "thumbnailUrl": null,
 "headline": null,
 "abstract": "The SOERE-ACBB is a set of three platforms involving long-term (> 20 yrs) field experiments initiated in 2005-2009. Long-term studies are carried out on biogeochemical cycles and functional biodiversity (flora and fauna) in agroecosystems as affected by land use, management practices and climate change. \n\nThe SOERE-ACBB covers three land use and climatic regions in France: temporary grassland, permanent grassland and arable land. The main hypothesis tested is that the evolution of the systems in response to anthropogenic disturbances and land use management is strongly linked to the dynamics of quantitative and qualitative composition of soil organic matter (SOM) and vegetation diversity.  \n\nSOERE-ACBB is unique in enabling analysis of feedback loops between management practices, biogeochemical cycles and biodiversity by offering opportunities for simultaneous study of interactions between SOM dynamics, microbial communities and vegetation under various management practices of agroecosystems. \n\nThe platforms are designed to characterize the trajectories of key variables of the systems throughout time as changes occur – elements such as carbon, phosphorus, potassium and nitrogen and the diversity of plants and organisms in the soil – over years or decades. \n\nThe platform’s instrumentation continuously quantifies a broad range of physical, chemical and biological variables: climate forcing variables, physical conditions in soil, water fluxes and quality, carbon and nitrogen storage in soil, greenhouse gas emissions (GHG), floral, faunal and microbial diversity. \n\nThe ability to monitor quantitative and qualitative changes in SOM over time will allow scientists to relate the overall evolution to energy balance and resource elements. Although SOERE-ACBB is a national infrastructure, scientists from other countries are welcome and can benefit from the acquired experience and knowledge. SOERE-ACBB has been involved in many international projects such as the Global Research Alliance and the International soil warming experiment network and is still a partner in a number of ongoing projects such as ExpeER, AnimalChange, Ecofinders and Multisward.",
 "theme/category": null,
 "dateCreated": "2005-01-01",
 "creditText": null,
 "datePublished": "2017-05-30",
 "producer": null,
 "author": [
  "Élodie COURTOIS"
 ],
 "spatialCoverage": [
  0.08,
  3.03,
  45.64,
  49.88
 ],
 "url": [],
 "temporal": "2005-01-01",
 "sponsor": null,
 "size": null,
 "sdPublisher": null,
 "sdLicense": null,
 "sameAs": null,
 "publication": null,
 "provider": null,
 "position": null,
 "name": "System of Observation and Experimentation in Environmental Research (SOERE) for studying Agroecosystems, Biogeochemical Cycles and Biodiversity (ACBB)",
 "measurementTechnique": null,
 "material": null,
 "maintainer": null,
 "locationCreated": null,
 "issn": null,
 "isPartOf": null,
 "isBasedOn": null,
 "isAccessibleForFree": null,
 "includedInDataCatalog": null,
 "editor": null,
 "editEIDR": null,
 "copyrightYear": null,
 "copyrightNotice": null,
 "copyrightHolder": null,
 "contributor": null,
 "contentReferenceTime": null,
 "contentLocation": null,
 "character": null,
 "acquireLicensePage": null,
 "accessModeSufficient": null,
 "about": null,
 "rights": null,
 "relation": null,
 "qualified_relation": null,
 "qualified_attribution": null,
 "previous_version": null,
 "landing_page": "http://w3.avignon.inra.fr/geonetwork_anaee/32367bcf-e2d5-4cf3-92bb-b1734fa670a2",
 "is_referenced_by": null,
 "in_series": null,
 "has_version": null,
 "has_policy": null,
 "has_current_version": null,
 "useConstraints": null,
 "status": null,
 "spatialRepresentationType": null,
 "spatialRepresentationInfo": null,
 "scope": null,
 "responsibleParty": "CNRS",
 "releasability": null,
 "reference": null,
 "purpose": null,
 "otherLocale": null,
 "metadataProfile": "ISO 19115:2003/19139",
 "metadataLinkage": null,
 "metadataIdentifier": null,
 "MD_LegalConstraints": null,
 "MD_Identification": null,
 "environmentDescription": null,
 "distributor": "AnaEE",
 "distributionInfo": "Commission Regulation (EU) No 1089/2010 of 23 November 2010 implementing Directive 2007/2/EC of the European Parliament and of the Council as regards interoperability of spatial data sets and services",
 "dataQualityInfo": "Not evaluated",
 "contentInfo": null,
 "contact": null
}