{
 "description": null,
 "identifier": "32c5ab4e-21b6-4308-8b98-7058c5793b0d",
 "keywords": [
  "forest management",
  "long term monitoring",
  "podzol",
  "natural environment",
  "forest ecosystem",
  "forest ecology",
  "gas flux",
  "irrigation",
  "thinning",
  "organic fertilisation",
  "stocking",
  "soil temperature",
  "atmospheric pressure",
  "air humidity",
  "air temperature",
  "sap flow",
  "phenology",
  "population density",
  "species richness",
  "soil water content",
  "AnaEE-France",
  "precipitation change",
  "hydrological change",
  "soil deepening",
  "rotation length",
  "nitrogen fixing species culture",
  "3D laser scanner",
  "soil instrument",
  "micrometeorological instrument",
  "biomass conditionning chain",
  "flux tower",
  "incident shortwave radiation",
  "incident photosynthetically active radiation",
  "canopy surface temperature",
  "net ecosystem H2O flux",
  "radiation interception",
  "soil heat flux",
  "F-ORE-T"
 ],
 "language": "eng",
 "accessibilitySummary": null,
 "accountablePerson": null,
 "version": "1.0",
 "temporalCoverage": null,
 "publisher": null,
 "spatial": null,
 "license": "http://standards.iso.org/ittf/PubliclyAvailableStandards/ISO_19139_Schemas/resources/codelist/ML_gmxCodelists.xml#MD_RestrictionCode",
 "citation": null,
 "type/genre": null,
 "creator": null,
 "update/modification_date": null,
 "distribution": null,
 "image": null,
 "thumbnailUrl": null,
 "headline": null,
 "abstract": "The ambition of the XYLOSYLVE platform is twofold, to constitute a visible forest research facility for setting up innovative forestry practices and to build a scientific infrastructure of national and international interest for terrestrial ecology. \nXYLOSYLVE is an ensemble of three long-term complementary field experiments and laboratory facilities associated with. Each experiment is spatially distinct from the other but all are co-located in the INRA Hermitage area close from Bordeaux city. The experiments are designed to testing forest management alternatives dedicated to biomass and wood production in Atlantic conditions as follows:\n\n1) Three large plots (8ha) are manipulated according to three management alternatives (Pine-Eucalypt mixture, pure enhanced Pine variety and environment-friendly Pine standard) and equipped with automated instrumentations for monitoring biogeochemistry in the different compartments of ecosystems (soil, soil solution, vegetation, atmosphere). The equipment and protocols implemented are installed in collaboration with the ICOS project according to common quality assurance standards (ICOS site Class 3). These 3 plots are not replicated here.\n2) A fully randomised 4-blocks experiment includes the same three treatments than above and 5 additional treatments including various levels of species mixture, fertilisation, soil preparation and legumes introduction. The 32 plots are further split according to no till - deep tillage to a total of 64 subplots each covering 0.12 ha to a total of approximately 40ha. \n3) The third experiment includes 2 levels of fertilisation (control - full annual NPK inputs), 2 levels of irrigation (control (rainfall) - daily irrigation at PET) and 2 species (local Pine species - Eucalypt hybrid) replicated in four blocks and covering an area of 8 ha (plot unit ~0.25ha).   \nXYlosylve serve as a long term research and experimental site for temperate planted forest systems in close connection with a regional network of forest experimental sites where feasibility of new forest management alternatives is evaluated.\nThe interest of XYLOSYLVE is double:\n- Allow the long term monitoring of the functioning of biophysics and biogeochemistry of new forest ecosystems with high production potential. Offer to the scientific community and to the forest-based industry a common platform to gather scientific data and wood samples and test ecosystems to better understand their dynamics and their environmental impacts;\n- Assess durability and environmental performance of various management options for dendro-biomass production systems (symbiotic nitrogen fixation, phosphorus uptake, long term fertility, water and energy use efficiency, evaluation of vulnerability to biotic risks /insects, pathogens/ and abiotic risks/wind, drought/ …).",
 "theme/category": null,
 "dateCreated": "2011-01-01",
 "creditText": null,
 "datePublished": "2017-05-30",
 "producer": null,
 "author": [
  "Élodie COURTOIS"
 ],
 "spatialCoverage": [
  -0.7917022705090687,
  -0.5582427978527943,
  44.6753466560958,
  44.813850847384366
 ],
 "url": [
  "http://sylve.xyloforest.org/"
 ],
 "temporal": "2011-01-01",
 "sponsor": null,
 "size": null,
 "sdPublisher": null,
 "sdLicense": null,
 "sameAs": null,
 "publication": null,
 "provider": null,
 "position": null,
 "name": "SOERE F-ORE-T : Xylosylve Pierroton site",
 "measurementTechnique": null,
 "material": null,
 "maintainer": null,
 "locationCreated": null,
 "issn": null,
 "isPartOf": null,
 "isBasedOn": null,
 "isAccessibleForFree": null,
 "includedInDataCatalog": null,
 "editor": null,
 "editEIDR": null,
 "copyrightYear": null,
 "copyrightNotice": null,
 "copyrightHolder": null,
 "contributor": null,
 "contentReferenceTime": null,
 "contentLocation": null,
 "character": null,
 "acquireLicensePage": null,
 "accessModeSufficient": null,
 "about": null,
 "rights": null,
 "relation": null,
 "qualified_relation": null,
 "qualified_attribution": null,
 "previous_version": null,
 "landing_page": "http://w3.avignon.inra.fr/geonetwork_anaee/srv/eng/catalog.search#/metadata/32c5ab4e-21b6-4308-8b98-7058c5793b0d",
 "is_referenced_by": null,
 "in_series": null,
 "has_version": null,
 "has_policy": null,
 "has_current_version": null,
 "useConstraints": null,
 "status": null,
 "spatialRepresentationType": null,
 "spatialRepresentationInfo": null,
 "scope": null,
 "responsibleParty": "CNRS",
 "releasability": null,
 "reference": null,
 "purpose": null,
 "otherLocale": null,
 "metadataProfile": "ISO 19115:2003/19139",
 "metadataLinkage": null,
 "metadataIdentifier": null,
 "MD_LegalConstraints": null,
 "MD_Identification": null,
 "environmentDescription": null,
 "distributor": "AnaEE",
 "distributionInfo": "Commission Regulation (EU) No 1089/2010 of 23 November 2010 implementing Directive 2007/2/EC of the European Parliament and of the Council as regards interoperability of spatial data sets and services",
 "dataQualityInfo": "Not evaluated",
 "contentInfo": null,
 "contact": null
}