{
 "description": null,
 "identifier": "49378f22-cf6e-4a22-8222-9800b8493309",
 "keywords": [
  "ecosystem analysis",
  "forest ecology",
  "population ecology",
  "animal ecology",
  "biotic interactions",
  "tropical ecology",
  "tropical forest ecosystem"
 ],
 "language": "eng",
 "accessibilitySummary": null,
 "accountablePerson": null,
 "version": "1.0",
 "temporalCoverage": null,
 "publisher": null,
 "spatial": null,
 "license": "http://standards.iso.org/ittf/PubliclyAvailableStandards/ISO_19139_Schemas/resources/codelist/ML_gmxCodelists.xml#MD_RestrictionCode",
 "citation": null,
 "type/genre": null,
 "creator": null,
 "update/modification_date": null,
 "distribution": null,
 "image": null,
 "thumbnailUrl": null,
 "headline": null,
 "abstract": "The Pararé camp was created in 1995. It is located along the Arataye river, just downstream from a rapid (’saut’) that is difficult to pass by boat. \n\nThe camp itself is an ensemble of traditional ’carbets’, including one for the laboratory and one for the kitchen. The maximum housing capacity is 18 people.",
 "theme/category": null,
 "dateCreated": "1989-01-01",
 "creditText": null,
 "datePublished": "2017-06-13",
 "producer": null,
 "author": [
  "Frédérique LOUAULT"
 ],
 "spatialCoverage": [
  -54.6,
  -51.6,
  5.7,
  2.1
 ],
 "url": [],
 "temporal": "1989-01-01",
 "sponsor": null,
 "size": null,
 "sdPublisher": null,
 "sdLicense": null,
 "sameAs": null,
 "publication": null,
 "provider": null,
 "position": null,
 "name": "Pararé camp at the Nouragues station",
 "measurementTechnique": null,
 "material": null,
 "maintainer": null,
 "locationCreated": null,
 "issn": null,
 "isPartOf": null,
 "isBasedOn": null,
 "isAccessibleForFree": null,
 "includedInDataCatalog": null,
 "editor": null,
 "editEIDR": null,
 "copyrightYear": null,
 "copyrightNotice": null,
 "copyrightHolder": null,
 "contributor": null,
 "contentReferenceTime": null,
 "contentLocation": null,
 "character": null,
 "acquireLicensePage": null,
 "accessModeSufficient": null,
 "about": null,
 "rights": null,
 "relation": null,
 "qualified_relation": null,
 "qualified_attribution": null,
 "previous_version": null,
 "landing_page": "http://w3.avignon.inra.fr/geonetwork_anaee/srv/eng/catalog.search#/metadata/49378f22-cf6e-4a22-8222-9800b8493309",
 "is_referenced_by": null,
 "in_series": null,
 "has_version": null,
 "has_policy": null,
 "has_current_version": null,
 "useConstraints": null,
 "status": null,
 "spatialRepresentationType": null,
 "spatialRepresentationInfo": null,
 "scope": null,
 "responsibleParty": "INRAE",
 "releasability": null,
 "reference": null,
 "purpose": null,
 "otherLocale": null,
 "metadataProfile": "ISO 19115:2003/19139",
 "metadataLinkage": null,
 "metadataIdentifier": null,
 "MD_LegalConstraints": null,
 "MD_Identification": null,
 "environmentDescription": null,
 "distributor": "AnaEE",
 "distributionInfo": "Commission Regulation (EU) No 1089/2010 of 23 November 2010 implementing Directive 2007/2/EC of the European Parliament and of the Council as regards interoperability of spatial data sets and services",
 "dataQualityInfo": "Not evaluated",
 "contentInfo": null,
 "contact": null
}