{
 "description": null,
 "identifier": "4fbd2cb9-1a62-484b-8aa4-e2c94b8acf82",
 "keywords": [
  "AnaEE-France",
  "air temperature",
  "air humidity",
  "wind velocity",
  "wind direction",
  "PAR below vegetation cover",
  "global radiation",
  "photosynthetically active radiation",
  "carbon dioxide flux",
  "pluviometry",
  "evapotranspiration",
  "atmospheric radiation",
  "sensible heat flux",
  "diffuse global radiation",
  "soil respiration",
  "vegetation mineralomass",
  "litterfall flow",
  "sap flow",
  "energy flux in soil vegetation atmosphere system",
  "carbon flux in soil vegetation atmosphere system",
  "net radiation",
  "transmitted radiation",
  "air temperature in vegetation",
  "reflected radiation",
  "litter",
  "outgoing radiation",
  "elements stock in litter",
  "litterfall",
  "soil granulometry",
  "soil moisture",
  "dry bulk density of soil",
  "microbial diversity",
  "microbial biomass",
  "root biomass",
  "aerial biomass",
  "foliar index",
  "throughfall",
  "soil temperature",
  "vegetation nitrogen content",
  "vegetation carbon content",
  "dendrometry",
  "vegetation growth",
  "vegetation height",
  "basal area",
  "spectral reflectance (NDVI …)",
  "plant respiration",
  "vegetation age",
  "vegetation water vapour profile",
  "vegetation carbon dioxide profile",
  "fertilisation",
  "tree species",
  "rotation",
  "eucalyptus plantation",
  "precipitation"
 ],
 "language": "eng",
 "accessibilitySummary": null,
 "accountablePerson": null,
 "version": "1.0",
 "temporalCoverage": null,
 "publisher": null,
 "spatial": null,
 "license": "http://standards.iso.org/ittf/PubliclyAvailableStandards/ISO_19139_Schemas/resources/codelist/ML_gmxCodelists.xml#MD_RestrictionCode",
 "citation": null,
 "type/genre": null,
 "creator": null,
 "update/modification_date": null,
 "distribution": null,
 "image": null,
 "thumbnailUrl": null,
 "headline": null,
 "abstract": "The Itatinga site is a long-term experimentation (started in 2008) that focus mainly on eucalyptus plantations. Our specific objectives are:\n- To understand the biogeochemical functioning of these fast-growing Eucalyptus plantations, and in particular the coupling between water, carbon, and nutrients cycles;\n- To use this information to develop eco-physiological models simulating the growth and balance of water, carbon and mineral elements of plantations;\n- To spatialize models from ground maps, satellite images and meteorological data;\n- To evaluate the environmental impacts and sustainability of plantations (impacts on water resources, soil fertility, regional climate.\nThe experiment is located in Brazil, in the state of Sao Paulo. It is located at an average altitude of 800 m. Longitude / latitude 48°43'40.60''W / 22°58'4.50 ''S with an average annual temperature of 19.6 ° C and rainfall of the order of 1350 mm/year. The soil of the experiment is a ferralsol made of 72% sand, 15% clay, 3% silt.\nThe site equipment includes a flux tower in a clonal Eucalyptus plantation, where nutrient cycles are also monitored. It also includes clonal tests, experimental plots that aim to study the effects of partial exclusion of rainfall and potassium fertilization on the cycles of mineral elements, carbon and water, and finally experimental plots comparing the ecophysiological / biogeochemical functioning of monospecific and plurispecific plantations. This study of the impact of tree diversity on the functioning of forest ecosystems is conducted on high-growing exotic species (mixture of Eucalyptus grandis and Acacia mangium) and on native species of Mata Atlântica (biome in which is located the Itatinga site).\n\nthemes : Biogeochemistry of forest plantations, Ecological intensification of tropical forest plantations.",
 "theme/category": null,
 "dateCreated": "2008-01-01",
 "creditText": null,
 "datePublished": "2018-07-12",
 "producer": null,
 "author": [
  "Frédérique LOUAULT"
 ],
 "spatialCoverage": [
  -48.69128,
  -48.7646,
  -22.50125,
  -23.2045833
 ],
 "url": [],
 "temporal": "2008-01-01",
 "sponsor": null,
 "size": null,
 "sdPublisher": null,
 "sdLicense": null,
 "sameAs": null,
 "publication": null,
 "provider": null,
 "position": null,
 "name": "Itatinga",
 "measurementTechnique": null,
 "material": null,
 "maintainer": null,
 "locationCreated": null,
 "issn": null,
 "isPartOf": null,
 "isBasedOn": null,
 "isAccessibleForFree": null,
 "includedInDataCatalog": null,
 "editor": null,
 "editEIDR": null,
 "copyrightYear": null,
 "copyrightNotice": null,
 "copyrightHolder": null,
 "contributor": null,
 "contentReferenceTime": null,
 "contentLocation": null,
 "character": null,
 "acquireLicensePage": null,
 "accessModeSufficient": null,
 "about": null,
 "rights": null,
 "relation": null,
 "qualified_relation": null,
 "qualified_attribution": null,
 "previous_version": null,
 "landing_page": "http://w3.avignon.inra.fr/geonetwork_anaee/srv/eng/catalog.search#/metadata/49378f22-cf6e-4a22-8222-9800b8493309",
 "is_referenced_by": null,
 "in_series": null,
 "has_version": null,
 "has_policy": null,
 "has_current_version": null,
 "useConstraints": null,
 "status": null,
 "spatialRepresentationType": null,
 "spatialRepresentationInfo": null,
 "scope": null,
 "responsibleParty": "INRAE",
 "releasability": null,
 "reference": null,
 "purpose": null,
 "otherLocale": null,
 "metadataProfile": "ISO 19115:2003/19139",
 "metadataLinkage": null,
 "metadataIdentifier": null,
 "MD_LegalConstraints": null,
 "MD_Identification": null,
 "environmentDescription": null,
 "distributor": "AnaEE",
 "distributionInfo": "Commission Regulation (EU) No 1089/2010 of 23 November 2010 implementing Directive 2007/2/EC of the European Parliament and of the Council as regards interoperability of spatial data sets and services",
 "dataQualityInfo": "Not evaluated",
 "contentInfo": null,
 "contact": null
}