{
 "description": "N/A",
 "identifier": "50264564-795a-45e0-bc28-7ef8568b62fa",
 "keywords": [
  "soil water content",
  "natural environment",
  "long term monitoring",
  "forest ecology",
  "biogeochemical cycle",
  "air temperature",
  "air humidity",
  "AnaEE-France",
  "soil temperature",
  "F-ORE-T",
  "forest management",
  "forest ecosystem",
  "cambisol",
  "AnaEE service mobile lab",
  "biomass",
  "throughfall",
  "species effect",
  "nutrient content",
  "weather station",
  "stemflow"
 ],
 "language": "eng",
 "accessibilitySummary": "N/A",
 "accountablePerson": "N/A",
 "version": "1.0",
 "temporalCoverage": "N/A",
 "publisher": "N/A",
 "spatial": "N/A",
 "longitude": 4.65,
 "latitude": 47.25,
 "license": "http://standards.iso.org/ittf/PubliclyAvailableStandards/ISO_19139_Schemas/resources/codelist/ML_gmxCodelists.xml#MD_RestrictionCode",
 "citation": "N/A",
 "genre": "N/A",
 "creator": "N/A",
 "modification_date": "N/A",
 "distribution": "N/A",
 "image": "N/A",
 "thumbnailUrl": "N/A",
 "headline": "N/A",
 "abstract": "The former forest stand was a coppice with standards dominated by beech (Fagus sylvatica L.) and oak (Quercus sessiliflora Smith), and was clear-cut in 1976. After windrowing, the site was planted with monospecific plots.\n2 bloks and 9 plots (0.10ha) per block:beech (Fagus silvatica L.), oak, (Quercus sessiliflora Smith), Norway spruce (Picea abies Karst), Douglas fir (Pseudotsuga menziesii Franco), Corsican pine (Pinus nigra Arn. ssp. Laricio Poiret var. corsicana Hyl.) and Nordmann fir (Abies Nordmanniana Spach). Control and limed plots for coniferous. Permanent equipments were installed in each plot in 2001. Since that time monitoring occured for: \nClimate:  \nRainfall, Temperature, potential evapotranspiration: 1 station + 2 pluviometers \nSoil temperature and soil moisture: 4 profiles (15cm, 30cm, 60cm) for Beech, Oak, Douglas, Spruce plots of block 1 (continuous measurements) \nVegetation: \nTree diameters at breath height(annual measurements) \nNutrition status, foliar analyses (annual measurements) \nLitterfall, 5 litter traps per plot; monthly collection (2000-2005). Determination: dry matter and major element contents\nBiomass-mineralmass: determination of major element pools in above-ground tree organs for each plot (2001)\nSoil: \nDescription: sampling 1 pit described/plot ; 16 soil profiles sampled  per plot  (2001)\nSoil determination: particle size distribution, bulk density, pH, CEC, P, C, N contents, total and trace elements, oxydes, soil mineralogy... \nForest floor determination: dry matter and element contents (major and trace)\nThroughfall, stemflow and soil solutions:\nThroughfall and stemflow: 2 replicates per plot of block 1.\nSoil solutions: Porous cup lysimeters, 5 profiles (15cm, 30cm, 60cm) per plot of block 1 (monthly collection); zero tension plate lysimeters, 2 replicates at 5cm depth per plot of block 1 (monthly collection).\nDetermination: element contents (major and trace)",
 "category": "N/A",
 "dateCreated": "2000-01-01",
 "creditText": "N/A",
 "datePublished": "2017-06-13",
 "producer": "N/A",
 "author": [
  "Frédérique LOUAULT"
 ],
 "spatialCoverage": [
  4.6,
  4.7,
  47.0,
  47.5
 ],
 "url": [],
 "temporal": "2000-01-01",
 "sponsor": "N/A",
 "size": "N/A",
 "sdPublisher": "N/A",
 "sdLicense": "N/A",
 "sameAs": "N/A",
 "publication": "N/A",
 "provider": "N/A",
 "position": "N/A",
 "name": "SOERE F-ORE-T : Breuil-Chenue Site",
 "measurementTechnique": "N/A",
 "material": "N/A",
 "maintainer": "N/A",
 "locationCreated": "N/A",
 "issn": "N/A",
 "isPartOf": "N/A",
 "isBasedOn": "N/A",
 "isAccessibleForFree": "N/A",
 "includedInDataCatalog": "N/A",
 "editor": "N/A",
 "editEIDR": "N/A",
 "copyrightYear": "N/A",
 "copyrightNotice": "N/A",
 "copyrightHolder": "N/A",
 "contributor": "N/A",
 "contentReferenceTime": "N/A",
 "contentLocation": "N/A",
 "character": "N/A",
 "acquireLicensePage": "N/A",
 "accessModeSufficient": "N/A",
 "about": "N/A",
 "rights": "N/A",
 "relation": "N/A",
 "qualified_relation": "N/A",
 "qualified_attribution": "N/A",
 "previous_version": "N/A",
 "landing_page": "http://w3.avignon.inra.fr/geonetwork_anaee/srv/eng/catalog.search#/metadata/50264564-795a-45e0-bc28-7ef8568b62fa",
 "is_referenced_by": "N/A",
 "in_series": "N/A",
 "has_version": "N/A",
 "has_policy": "N/A",
 "has_current_version": "N/A",
 "useConstraints": "N/A",
 "status": "N/A",
 "spatialRepresentationType": "N/A",
 "spatialRepresentationInfo": "N/A",
 "scope": "N/A",
 "responsibleParty": "INRAE",
 "releasability": "N/A",
 "reference": "N/A",
 "purpose": "N/A",
 "otherLocale": "N/A",
 "metadataProfile": "ISO 19115:2003/19139",
 "metadataLinkage": "N/A",
 "metadataIdentifier": "N/A",
 "MD_LegalConstraints": "N/A",
 "MD_Identification": "N/A",
 "environmentDescription": "N/A",
 "distributor": "AnaEE",
 "distributionInfo": "Commission Regulation (EU) No 1089/2010 of 23 November 2010 implementing Directive 2007/2/EC of the European Parliament and of the Council as regards interoperability of spatial data sets and services",
 "dataQualityInfo": "Not evaluated",
 "contentInfo": "N/A",
 "contact": "N/A"
}