{
 "description": "N/A",
 "identifier": "546ed900-ded6-4770-be14-4e702b136309",
 "keywords": [
  "aquatic ecology",
  "environmental control",
  "aquatic biology",
  "aquatic mesocosm",
  "trophic ecology",
  "aquatic microbial community",
  "microcosm",
  "artificial lakes",
  "control measurements",
  "aquatic ecosystem",
  "aquatic organism",
  "climate control",
  "trophic dynamic",
  "ecotron",
  "natural environment",
  "AnaEE-France",
  "trophic relationships",
  "anthropogenic environment",
  "aquatic microbiology",
  "trophic structure"
 ],
 "language": "eng",
 "accessibilitySummary": "N/A",
 "accountablePerson": "N/A",
 "version": "1.0",
 "temporalCoverage": "N/A",
 "publisher": "N/A",
 "spatial": "N/A",
 "longitude": 2.6799999999999997,
 "latitude": 48.26,
 "license": "http://standards.iso.org/ittf/PubliclyAvailableStandards/ISO_19139_Schemas/resources/codelist/ML_gmxCodelists.xml#MD_RestrictionCode",
 "citation": "N/A",
 "genre": "N/A",
 "creator": "N/A",
 "modification_date": "N/A",
 "distribution": "N/A",
 "image": "N/A",
 "thumbnailUrl": "N/A",
 "headline": "N/A",
 "abstract": "PLANAQUA is the National experimental platform in Aquatic Ecology .\n\nIt consists of 3 levels of research platforms :\n\nMicrocosms, from one to several litres of volume, can be used in the plankton-dedicated laboratory to set up continuous cultures experiments. They can also be used in the climatic chambers of the Ecotron IleDeFrance, a device that allows the precise conditioning of the environment and the detailed monitoring of states and activities of organisms and ecosystems. Microcosms allow studying plankton communities in marine or freshwater ecosystems under highly controlled environmental conditions such as temperature, irradiance, nutrients, and gas concentrations. A series of dedicated sensors enables  monitoring of gas exchange (O2 and CO2) between the air and the water in the experimental system and to follow the related plankton metabolic activity.\n\nMesocosms, with a volume of several cubic metres, have a high degree of replication. They are installed outdoors and equipped with devices for the experimental control of thermal gradients and water mixing. For example, twelve mesocosms are equipped with beaters that generate waves, making it possible to control the physical structure of the water column. These tools have been developed for studying the link between physical constraints and the functioning of aquatic systems. The large volume of these mesocosms (15 m3) makes it possible to house complex communities of organisms.\n\nSixteen artificial lakes of 650 m3 have been conceived for incorporating the natural complexity of the environment and the spatially heterogeneous nature of ecological processes in natural ecosystems. These very large experimental systems, shaped with littoral, benthic and pelagic zones, will be inter-connected to each other by dispersal channels and equipped with automated sensors and data loggers. The artificial lakes will facilitate the studies on the functioning of complex communities with heterogeneous spatial distributions, and will allow understanding and managing the consequences of anthropogenic pressures on biodiversity, up to the species at the top of the food chains.",
 "category": "N/A",
 "dateCreated": "2011-02-22",
 "creditText": "N/A",
 "datePublished": "2017-06-13",
 "producer": "N/A",
 "author": [
  "Frédérique LOUAULT"
 ],
 "spatialCoverage": [
  2.58,
  2.78,
  48.16,
  48.36
 ],
 "url": [],
 "temporal": "2011-02-22",
 "sponsor": "N/A",
 "size": "N/A",
 "sdPublisher": "N/A",
 "sdLicense": "N/A",
 "sameAs": "N/A",
 "publication": "N/A",
 "provider": "N/A",
 "position": "N/A",
 "name": "PLANAQUA",
 "measurementTechnique": "N/A",
 "material": "N/A",
 "maintainer": "N/A",
 "locationCreated": "N/A",
 "issn": "N/A",
 "isPartOf": "N/A",
 "isBasedOn": "N/A",
 "isAccessibleForFree": "N/A",
 "includedInDataCatalog": "N/A",
 "editor": "N/A",
 "editEIDR": "N/A",
 "copyrightYear": "N/A",
 "copyrightNotice": "N/A",
 "copyrightHolder": "N/A",
 "contributor": "N/A",
 "contentReferenceTime": "N/A",
 "contentLocation": "N/A",
 "character": "N/A",
 "acquireLicensePage": "N/A",
 "accessModeSufficient": "N/A",
 "about": "N/A",
 "rights": "N/A",
 "relation": "N/A",
 "qualified_relation": "N/A",
 "qualified_attribution": "N/A",
 "previous_version": "N/A",
 "landing_page": "http://w3.avignon.inra.fr/geonetwork_anaee/srv/eng/catalog.search#/metadata/546ed900-ded6-4770-be14-4e702b136309",
 "is_referenced_by": "N/A",
 "in_series": "N/A",
 "has_version": "N/A",
 "has_policy": "N/A",
 "has_current_version": "N/A",
 "useConstraints": "N/A",
 "status": "N/A",
 "spatialRepresentationType": "N/A",
 "spatialRepresentationInfo": "N/A",
 "scope": "N/A",
 "responsibleParty": "INRAE",
 "releasability": "N/A",
 "reference": "N/A",
 "purpose": "N/A",
 "otherLocale": "N/A",
 "metadataProfile": "ISO 19115:2003/19139",
 "metadataLinkage": "N/A",
 "metadataIdentifier": "N/A",
 "MD_LegalConstraints": "N/A",
 "MD_Identification": "N/A",
 "environmentDescription": "N/A",
 "distributor": "AnaEE",
 "distributionInfo": "Commission Regulation (EU) No 1089/2010 of 23 November 2010 implementing Directive 2007/2/EC of the European Parliament and of the Council as regards interoperability of spatial data sets and services",
 "dataQualityInfo": "Not evaluated",
 "contentInfo": "N/A",
 "contact": "N/A"
}