{
 "description": null,
 "identifier": "82c748ca-d656-46ac-b883-d353e75a54c7",
 "keywords": [
  "chlorophyll",
  "chemistry",
  "transparency",
  "probe",
  "zooplankton",
  "Nitrogen",
  "primary production",
  "nutrients",
  "pH",
  "Oxygen",
  "Phosphorus",
  "water",
  "physicochemical analysis",
  "phytoplankton",
  "AnaEE-France",
  "freshwater",
  "lake",
  "observatory",
  "planktonic crustacea",
  "plankton",
  "picoplankton",
  "macroplankton",
  "planktonic community"
 ],
 "language": "eng",
 "accessibilitySummary": null,
 "accountablePerson": null,
 "version": "1.0",
 "temporalCoverage": null,
 "publisher": null,
 "spatial": null,
 "license": "http://standards.iso.org/ittf/PubliclyAvailableStandards/ISO_19139_Schemas/resources/codelist/ML_gmxCodelists.xml#MD_RestrictionCode",
 "citation": null,
 "type/genre": null,
 "creator": null,
 "update/modification_date": "2020-01-03",
 "distribution": null,
 "image": "http://w3.avignon.inra.fr/geonetwork_anaee/srv/fre//resources.get?uuid=82b98e1a-e136-4814-a938-9d571983361d&fname=camp Inselberg07_s.png",
 "thumbnailUrl": null,
 "headline": null,
 "abstract": "Data obtained from the INRA CARRTEL laboratory in Thonon-les-Bains (SOERE-OLA: Observatory and Experimentation Systems for Environmental Research - LAkes Observatory) in collaboration with CISALB (Inter-Syndical Committee for Sanitation Lake Bourget). These data cover different topics:\n   The variables of the physico-chemistry theme are: nitrogen, calcium, carbon, chlorides, conductivity, magnesium, dissolved oxygen, pH, phosphorus, potassium, reactive silica, sodium, sulphate, temperature, complete alkalimetric titre. Data taken at various depths throughout the lake's water column. The water column is made at the deepest point of the lake (140 m). The samples are taken every 15 days. The period concerns a follow-up from 1999 to the present.\n   The variables of the chlorophyll theme are: chlorophyll a strickland-parsons, chlorophyll c, carotenoids, chlorophyll a scor-unesco, pheopigments. Data taken at various depths throughout the lake's water column. The samples are taken one to three times a month. The period concerns a follow-up from 2006 to the present.\n   The variables of the topic sampling conditions are: air temperature, cloudiness, sunshine, weather, wind direction, wind speed, atmospheric pressure, water aspect, surface condition, transparency, color of water. Studies are carried out approximately once or twice a month. The period concerns a follow-up from 2010 to the present.\n   The variables of the phytoplankton theme are: determiner name, sedimented volume, counting surface, determined taxon, number of counted fields, number of objects counted, number of objects per ml, number of cells per ml, biovolume of species In the sample. Data taken from an integrated depth of 0 to 10m or 0 to 20m depending on the year. Samples are taken once a month. The period concerns a follow-up from 1995 to the present.\n   The variables of the primary production theme are: duration of incubation, primary production by actual incubation duration, primary production per hour, primary production by median third. Data taken at various depths on the lake's water column from 0 to 30m. The samples are taken once or twice a month. The period concerns a follow-up from 2011 to the present.\nThe variables of the probe theme are: depth, temperature, chlorophyll a, pH conductivity, oxygen, oxygen saturation rate, turbidity, transparency, by w, by a, pah, pc. Data obtained at various depths (every 10 cm approximately) over the whole water column of the lake (0 to 140m). Measurements are performed once or twice a month. The period concerns a follow-up from 2003 to the present.\n   The variables of the zooplankton theme are: name of the determiner, sedimented biovolume, name of the taxon determined, stage of development, number of individuals. Data taken from an integrated depth of 0 to 50m. The samples are taken one to three times a month. The period concerns a follow-up from 1996 to the present (absence of data between 1997 and 2003 inclusive).",
 "theme/category": null,
 "dateCreated": "2016-12-20",
 "creditText": null,
 "datePublished": "2017-06-13",
 "producer": null,
 "author": [
  "Frédérique LOUAULT"
 ],
 "spatialCoverage": [
  5.724771112576246,
  7.021157831326298,
  45.642341356272304,
  46.564027452197344,
  5.8139,
  5.9004,
  45.6425,
  45.8074,
  5.5926,
  7.7459,
  43.8452,
  46.5207
 ],
 "url": [
  "https://si-ola.inra.fr",
  null
 ],
 "temporal": "2016-12-20",
 "sponsor": null,
 "size": null,
 "sdPublisher": null,
 "sdLicense": null,
 "sameAs": null,
 "publication": null,
 "provider": null,
 "position": null,
 "name": "SOERE OLA : Data from the Observatory on LAkes for Bourget Lake",
 "measurementTechnique": null,
 "material": null,
 "maintainer": null,
 "locationCreated": null,
 "issn": null,
 "isPartOf": null,
 "isBasedOn": null,
 "isAccessibleForFree": null,
 "includedInDataCatalog": null,
 "editor": null,
 "editEIDR": null,
 "copyrightYear": null,
 "copyrightNotice": null,
 "copyrightHolder": null,
 "contributor": null,
 "contentReferenceTime": null,
 "contentLocation": null,
 "character": null,
 "acquireLicensePage": null,
 "accessModeSufficient": null,
 "about": null,
 "rights": null,
 "relation": null,
 "qualified_relation": null,
 "qualified_attribution": null,
 "previous_version": null,
 "landing_page": "http://w3.avignon.inra.fr/geonetwork_anaee/80894c9d-aa65-4808-8870-a04a7bf402f4",
 "is_referenced_by": null,
 "in_series": null,
 "has_version": null,
 "has_policy": null,
 "has_current_version": null,
 "useConstraints": null,
 "status": null,
 "spatialRepresentationType": null,
 "spatialRepresentationInfo": null,
 "scope": null,
 "responsibleParty": "INRAE",
 "releasability": null,
 "reference": null,
 "purpose": null,
 "otherLocale": null,
 "metadataProfile": "ISO 19115:2003/19139",
 "metadataLinkage": null,
 "metadataIdentifier": null,
 "MD_LegalConstraints": null,
 "MD_Identification": null,
 "environmentDescription": null,
 "distributor": "AnaEE",
 "distributionInfo": "Commission Regulation (EU) No 1089/2010 of 23 November 2010 implementing Directive 2007/2/EC of the European Parliament and of the Council as regards interoperability of spatial data sets and services",
 "dataQualityInfo": "Not evaluated",
 "contentInfo": null,
 "contact": null
}