{
 "description": null,
 "identifier": "84e7a32a-0ddd-47e8-a382-d65a7c90d5a4",
 "keywords": [
  "AnaEE-France",
  "freshwater",
  "planktonic community",
  "zooplankton",
  "microplankton",
  "physicochemical analysis",
  "macroplankton",
  "plankton",
  "long term monitoring",
  "freshwater monitoring",
  "planktonic crustacea",
  "phytoplankton",
  "picoplankton",
  "environmental monitoring",
  "biodiversity monitoring",
  "monitoring data",
  "ecosystem monitoring",
  "lake"
 ],
 "language": "eng",
 "accessibilitySummary": null,
 "accountablePerson": null,
 "version": "1.0",
 "temporalCoverage": null,
 "publisher": null,
 "spatial": null,
 "license": "http://standards.iso.org/ittf/PubliclyAvailableStandards/ISO_19139_Schemas/resources/codelist/ML_gmxCodelists.xml#MD_RestrictionCode",
 "citation": null,
 "type/genre": null,
 "creator": null,
 "update/modification_date": "2017-06-02",
 "distribution": null,
 "image": "http://w3.avignon.inra.fr/geonetwork_anaee/srv/fre//resources.get?uuid=82b98e1a-e136-4814-a938-9d571983361d&fname=camp Inselberg07_s.png",
 "thumbnailUrl": null,
 "headline": null,
 "abstract": "This SOERE aims at understanding and modelling the dynamics and ecological functioning of lake ecosystems affected by local and global forcing factors.\nFour peri -alpine lakes (Lakes Geneva , Annecy, Bourget, Aiguebelette) and their watersheds are monitored. These systems represent important natural resources and meet key societal demands (drinking water, fishing, tourism, biodiversity ... ) .\n\nThe services provided by the Soere relates to both long-term in situ observation and experimentation.\n\nThe observatory task is based on logistic, technical and analytical supports for (i) collecting environmental data (physico- chemical and biological), (ii) creating and managing database (ii) organizing the storage of reference biological samples. The accession to the data is possible according to the 'Terms & Conditions of Use' of the Soere Database.\n\nThe SOERE OLA can provide logistic supports for sampling, in situ measurements and experimentation on Lake Geneva. This service is submitted to validation according to the \" Logistic Support Leman\" service charter.\nOther lake sites have joined the SOERE more recently, especially high lakes (sentinel lakes) and a model lake (meromictic), Lake Pavin.\nThe SOERE OLA has Allenvi label.",
 "theme/category": null,
 "dateCreated": "2016-12-20",
 "creditText": null,
 "datePublished": "2018-07-12",
 "producer": null,
 "author": [
  "Frédérique LOUAULT"
 ],
 "spatialCoverage": [
  5.9533,
  7.0387,
  46.1367,
  46.5349,
  5.8139,
  5.9004,
  45.6425,
  45.8074,
  6.1119,
  6.241,
  45.7897,
  45.9145,
  5.5926,
  7.7459,
  43.8452,
  46.5207
 ],
 "url": [
  "http://www6.inra.fr/soere-ola"
 ],
 "temporal": "2016-12-20",
 "sponsor": null,
 "size": null,
 "sdPublisher": null,
 "sdLicense": null,
 "sameAs": null,
 "publication": null,
 "provider": null,
 "position": null,
 "name": "SOERE OLA, Observatory on Alpine LAkes",
 "measurementTechnique": null,
 "material": null,
 "maintainer": null,
 "locationCreated": null,
 "issn": null,
 "isPartOf": null,
 "isBasedOn": null,
 "isAccessibleForFree": null,
 "includedInDataCatalog": null,
 "editor": null,
 "editEIDR": null,
 "copyrightYear": null,
 "copyrightNotice": null,
 "copyrightHolder": null,
 "contributor": null,
 "contentReferenceTime": null,
 "contentLocation": null,
 "character": null,
 "acquireLicensePage": null,
 "accessModeSufficient": null,
 "about": null,
 "rights": null,
 "relation": null,
 "qualified_relation": null,
 "qualified_attribution": null,
 "previous_version": null,
 "landing_page": "http://w3.avignon.inra.fr/geonetwork_anaee/84e7a32a-0ddd-47e8-a382-d65a7c90d5a4",
 "is_referenced_by": null,
 "in_series": null,
 "has_version": null,
 "has_policy": null,
 "has_current_version": null,
 "useConstraints": null,
 "status": null,
 "spatialRepresentationType": null,
 "spatialRepresentationInfo": null,
 "scope": null,
 "responsibleParty": "INRAE",
 "releasability": null,
 "reference": null,
 "purpose": null,
 "otherLocale": null,
 "metadataProfile": "ISO 19115:2003/19139",
 "metadataLinkage": null,
 "metadataIdentifier": null,
 "MD_LegalConstraints": null,
 "MD_Identification": null,
 "environmentDescription": null,
 "distributor": "AnaEE",
 "distributionInfo": "Commission Regulation (EU) No 1089/2010 of 23 November 2010 implementing Directive 2007/2/EC of the European Parliament and of the Council as regards interoperability of spatial data sets and services",
 "dataQualityInfo": "Not evaluated",
 "contentInfo": null,
 "contact": null
}