{
 "description": null,
 "identifier": "937d57d9-b01e-4506-afd6-3e71c5bb5873",
 "keywords": [
  "abiotic environment",
  "vegetation",
  "microbial community",
  "biotic factor",
  "microbial activity",
  "microbial activity",
  "environment sensing",
  "microclimate",
  "AnaEE-France",
  "forest soil",
  "forest soil",
  "chemical compound",
  "climate monitoring",
  "soil climate",
  "vegetation dynamic",
  "environmental data"
 ],
 "language": "eng",
 "accessibilitySummary": null,
 "accountablePerson": null,
 "version": "1.0",
 "temporalCoverage": null,
 "publisher": null,
 "spatial": null,
 "license": "http://standards.iso.org/ittf/PubliclyAvailableStandards/ISO_19139_Schemas/resources/codelist/ML_gmxCodelists.xml#MD_RestrictionCode",
 "citation": null,
 "type/genre": null,
 "creator": null,
 "update/modification_date": "2017-06-02",
 "distribution": null,
 "image": "http://w3.avignon.inra.fr/geonetwork_anaee/srv/fre//resources.get?uuid=82b98e1a-e136-4814-a938-9d571983361d&fname=camp Inselberg07_s.png",
 "thumbnailUrl": null,
 "headline": null,
 "abstract": "With this innovative platform we will be able to bring the laboratory to the field (rather than report samples to the laboratory with all that that implies as disruption and transformation between the in situ sampling and laboratory analysis). It is composed of a number of complimentary and innovative kits (soil,vegetation, micro climate, microbiology..). Each kit contains mobile state of the art equipement able to fullfill a great number of analytic and monitoring tasks..\nIt will aim:\n(i) to characterize environmentally terrestrial ecosystems (especially sites non-instrumented but with great potential to generalize the results obtained on the three nodes of the project (eg experimental devices GIS Data Cooperative - or provenance trials - eg Plantacomp) - the platform will be a major-waiting for inter-study ecosystems (forests, grasslands, crops);\n(ii) allow campaigns targeted measures at highly instrumented monitoring sites or at other representative sites(instantaneous flow capture special events, unstable compounds)\n(iii) serve as a support for the development of measures in situ and non-destructive analytic techniques and methods. (soil, vegetation….)\nOverall, this platform is a facility open acces, usuable by the entire community of environmental sciencists.",
 "theme/category": null,
 "dateCreated": "2014-09-01",
 "creditText": null,
 "datePublished": "2017-05-30",
 "producer": null,
 "author": [
  "Frédérique LOUAULT"
 ],
 "spatialCoverage": [
  6.08,
  6.28,
  48.56,
  48.79
 ],
 "url": [],
 "temporal": "2014-09-01",
 "sponsor": null,
 "size": null,
 "sdPublisher": null,
 "sdLicense": null,
 "sameAs": null,
 "publication": null,
 "provider": null,
 "position": null,
 "name": "M-POETE (Mobile Platform for the Observation and the Experimentation in Terrestrial Ecosystems)",
 "measurementTechnique": null,
 "material": null,
 "maintainer": null,
 "locationCreated": null,
 "issn": null,
 "isPartOf": null,
 "isBasedOn": null,
 "isAccessibleForFree": null,
 "includedInDataCatalog": null,
 "editor": null,
 "editEIDR": null,
 "copyrightYear": null,
 "copyrightNotice": null,
 "copyrightHolder": null,
 "contributor": null,
 "contentReferenceTime": null,
 "contentLocation": null,
 "character": null,
 "acquireLicensePage": null,
 "accessModeSufficient": null,
 "about": null,
 "rights": null,
 "relation": null,
 "qualified_relation": null,
 "qualified_attribution": null,
 "previous_version": null,
 "landing_page": "http://w3.avignon.inra.fr/geonetwork_anaee/srv/eng/catalog.search#/metadata/937d57d9-b01e-4506-afd6-3e71c5bb5873",
 "is_referenced_by": null,
 "in_series": null,
 "has_version": null,
 "has_policy": null,
 "has_current_version": null,
 "useConstraints": null,
 "status": null,
 "spatialRepresentationType": null,
 "spatialRepresentationInfo": null,
 "scope": null,
 "responsibleParty": "INRAE",
 "releasability": null,
 "reference": null,
 "purpose": null,
 "otherLocale": null,
 "metadataProfile": "ISO 19115:2003/19139",
 "metadataLinkage": null,
 "metadataIdentifier": null,
 "MD_LegalConstraints": null,
 "MD_Identification": null,
 "environmentDescription": null,
 "distributor": "AnaEE",
 "distributionInfo": "Commission Regulation (EU) No 1089/2010 of 23 November 2010 implementing Directive 2007/2/EC of the European Parliament and of the Council as regards interoperability of spatial data sets and services",
 "dataQualityInfo": "Not evaluated",
 "contentInfo": null,
 "contact": null
}