{
 "description": "N/A",
 "identifier": "98d8e72e-edab-4d92-a410-c3364f437c05",
 "keywords": [],
 "language": "eng",
 "accessibilitySummary": "N/A",
 "accountablePerson": "N/A",
 "version": "1.0",
 "temporalCoverage": "N/A",
 "publisher": "N/A",
 "spatial": "N/A",
 "longitude": 2.13,
 "latitude": 48.8,
 "license": "http://standards.iso.org/ittf/PubliclyAvailableStandards/ISO_19139_Schemas/resources/codelist/ML_gmxCodelists.xml#MD_RestrictionCode",
 "citation": "N/A",
 "genre": "N/A",
 "creator": "N/A",
 "modification_date": "2017-06-02",
 "distribution": "N/A",
 "image": "http://w3.avignon.inra.fr/geonetwork_anaee/srv/fre//resources.get?uuid=82b98e1a-e136-4814-a938-9d571983361d&fname=camp Inselberg07_s.png",
 "thumbnailUrl": "N/A",
 "headline": "N/A",
 "abstract": "Biochem-Env is a research platform hosted by the EcoSys department from INRA since 2012. \n\nThe platform provides facilities and dedicated services for the biochemical characterization of soils, sediments, and macrofauna, and more generally functional biodiversity. Using robotics, the platform develops high-throughput tools for the biochemical characterization of large sets of samples. The platform focuses its activities on the development of profiles of soil enzymatic activities (e.g., hydrolase activities involved in biogeochemical cycles and oxidases…) and biomarkers (terrestrial and benthos macrofauna).\nThe platform is also involved in the standardization of procedures (AFNOR and ISO). The data produced will be stored and managed in a database, and analyzed using bioinformatic and statistical tools. \nBiochem-Env will provide the following services to research partners:\n-Acquisition and characterization of biochemical properties of different matrix (soils, sediments, macrofauna),\n-Developments of high throughput protocols,\n-Development of referentials and tools for data interpretation,\n-Supply of these resources to the scientific community and policy makers,\n-Advice, expertise and training.",
 "category": "N/A",
 "dateCreated": "2012-09-01",
 "creditText": "N/A",
 "datePublished": "2017-06-13",
 "producer": "N/A",
 "author": [
  "Christian Mougin"
 ],
 "spatialCoverage": [
  2.03,
  2.23,
  48.7,
  48.9,
  -5.7,
  9.5,
  41.3,
  51.0
 ],
 "url": [],
 "temporal": "2012-09-01",
 "sponsor": "N/A",
 "size": "N/A",
 "sdPublisher": "N/A",
 "sdLicense": "N/A",
 "sameAs": "N/A",
 "publication": "N/A",
 "provider": "N/A",
 "position": "N/A",
 "name": "BIOCHEMENV - The environmental biochemistry for Research",
 "measurementTechnique": "N/A",
 "material": "N/A",
 "maintainer": "N/A",
 "locationCreated": "N/A",
 "issn": "N/A",
 "isPartOf": "N/A",
 "isBasedOn": "N/A",
 "isAccessibleForFree": "N/A",
 "includedInDataCatalog": "N/A",
 "editor": "N/A",
 "editEIDR": "N/A",
 "copyrightYear": "N/A",
 "copyrightNotice": "N/A",
 "copyrightHolder": "N/A",
 "contributor": "N/A",
 "contentReferenceTime": "N/A",
 "contentLocation": "N/A",
 "character": "N/A",
 "acquireLicensePage": "N/A",
 "accessModeSufficient": "N/A",
 "about": "N/A",
 "rights": "N/A",
 "relation": "N/A",
 "qualified_relation": "N/A",
 "qualified_attribution": "N/A",
 "previous_version": "N/A",
 "landing_page": "http://w3.avignon.inra.fr/geonetwork_anaee/98d8e72e-edab-4d92-a410-c3364f437c05",
 "is_referenced_by": "N/A",
 "in_series": "N/A",
 "has_version": "N/A",
 "has_policy": "N/A",
 "has_current_version": "N/A",
 "useConstraints": "N/A",
 "status": "N/A",
 "spatialRepresentationType": "N/A",
 "spatialRepresentationInfo": "N/A",
 "scope": "N/A",
 "responsibleParty": "INRAE",
 "releasability": "N/A",
 "reference": "N/A",
 "purpose": "N/A",
 "otherLocale": "N/A",
 "metadataProfile": "ISO 19115:2003/19139",
 "metadataLinkage": "N/A",
 "metadataIdentifier": "N/A",
 "MD_LegalConstraints": "N/A",
 "MD_Identification": "N/A",
 "environmentDescription": "N/A",
 "distributor": "AnaEE",
 "distributionInfo": "Commission Regulation (EU) No 1089/2010 of 23 November 2010 implementing Directive 2007/2/EC of the European Parliament and of the Council as regards interoperability of spatial data sets and services",
 "dataQualityInfo": "Not evaluated",
 "contentInfo": "N/A",
 "contact": "N/A"
}