{
 "description": null,
 "identifier": "9db01e1c-da42-4f6a-850e-81ae0b3c2a88",
 "keywords": [
  "natural environment",
  "soil respiration",
  "forest ecology",
  "long term monitoring",
  "soil water content",
  "water flow",
  "climate change",
  "flux tower",
  "tropical forest ecosystem",
  "net carbon dioxide flux",
  "rainfall interception",
  "fine root dynamic",
  "aboveground fresh biomass",
  "exportation",
  "fertilization",
  "precipitation",
  "litterfall",
  "rubber",
  "rubber plantation",
  "Rubberflux",
  "underground biomass",
  "carbon sequestration",
  "net primary productivity",
  "tapping system",
  "water use",
  "plant transpiration"
 ],
 "language": "eng",
 "accessibilitySummary": null,
 "accountablePerson": null,
 "version": "1.0",
 "temporalCoverage": null,
 "publisher": null,
 "spatial": null,
 "license": "http://standards.iso.org/ittf/PubliclyAvailableStandards/ISO_19139_Schemas/resources/codelist/ML_gmxCodelists.xml#MD_RestrictionCode",
 "citation": null,
 "type/genre": null,
 "creator": null,
 "update/modification_date": "2017-06-02",
 "distribution": null,
 "image": "http://w3.avignon.inra.fr/geonetwork_anaee/srv/fre//resources.get?uuid=82b98e1a-e136-4814-a938-9d571983361d&fname=camp Inselberg07_s.png",
 "thumbnailUrl": null,
 "headline": null,
 "abstract": "Rubberflux is a flux tower site aiming at providing a complete picture of CO2, water and energy budget of a rubber tree plantation using the eddy-covariance (EC) method combined with ground-based measurements of carbon/water stocks and flux among the different components of the ecosystem. This approach allows quantifying flux (NEE an ETR), partitioning them among tree organs, soil, understorey vegetation (etc.…), and eventually understanding the interactions with climate and the availability of soil resources (water, nutrients). This is a common approach to 3 other flux tower sites on tropical tree plantations managed by CIRAD’s researchers within the umbrella of the SOERE F-ORE-T network. The Rubberflux site is located in Thailand, about 140km east of Bangkok. It was set-up in 2006 in a 12 years rubber plantation of the Chachoengsao Rubber Research Centre (CRRC), a research facility of the Rubber Research Institute of Thailand (RRIT). The collaboration with CRRC staff has also permitted to implement studies on a chronosequence of rubber plantations. A CIRAD’s researcher has been permanently based in Thailand since then to ensure the functioning of the site in collaboration with the staff of CRRC and a research team from Kasetsart University (KU). The research works conducted on the Rubberflux site have been funded by CIRAD and KU with substantial contribution of the Thai Research Fund (TRF), the SOERE FORET and the French Embassy in Thailand.",
 "theme/category": null,
 "dateCreated": "2006-01-01",
 "creditText": null,
 "datePublished": "2017-06-13",
 "producer": null,
 "author": [
  "Christian Mougin"
 ],
 "spatialCoverage": [
  13.6,
  13.7,
  5.6,
  5.7
 ],
 "url": [],
 "temporal": "2006-01-01",
 "sponsor": null,
 "size": null,
 "sdPublisher": null,
 "sdLicense": null,
 "sameAs": null,
 "publication": null,
 "provider": null,
 "position": null,
 "name": "SOERE F-ORE-T : Rubberflux site (Thailand)",
 "measurementTechnique": null,
 "material": null,
 "maintainer": null,
 "locationCreated": null,
 "issn": null,
 "isPartOf": null,
 "isBasedOn": null,
 "isAccessibleForFree": null,
 "includedInDataCatalog": null,
 "editor": null,
 "editEIDR": null,
 "copyrightYear": null,
 "copyrightNotice": null,
 "copyrightHolder": null,
 "contributor": null,
 "contentReferenceTime": null,
 "contentLocation": null,
 "character": null,
 "acquireLicensePage": null,
 "accessModeSufficient": null,
 "about": null,
 "rights": null,
 "relation": null,
 "qualified_relation": null,
 "qualified_attribution": null,
 "previous_version": null,
 "landing_page": "http://w3.avignon.inra.fr/geonetwork_anaee/srv/eng/catalog.search#/metadata/9db01e1c-da42-4f6a-850e-81ae0b3c2a88",
 "is_referenced_by": null,
 "in_series": null,
 "has_version": null,
 "has_policy": null,
 "has_current_version": null,
 "useConstraints": null,
 "status": null,
 "spatialRepresentationType": null,
 "spatialRepresentationInfo": null,
 "scope": null,
 "responsibleParty": "INRAE",
 "releasability": null,
 "reference": null,
 "purpose": null,
 "otherLocale": null,
 "metadataProfile": "ISO 19115:2003/19139",
 "metadataLinkage": null,
 "metadataIdentifier": null,
 "MD_LegalConstraints": null,
 "MD_Identification": null,
 "environmentDescription": null,
 "distributor": "AnaEE",
 "distributionInfo": "Commission Regulation (EU) No 1089/2010 of 23 November 2010 implementing Directive 2007/2/EC of the European Parliament and of the Council as regards interoperability of spatial data sets and services",
 "dataQualityInfo": "Not evaluated",
 "contentInfo": null,
 "contact": null
}