{
 "description": null,
 "identifier": "b8249490-1ef8-458a-9bb1-ddd320749dc4",
 "keywords": [
  "transparency",
  "Oxygen",
  "zooplankton",
  "chemistry",
  "probe",
  "primary production",
  "chlorophyll",
  "physicochemical analysis",
  "water",
  "nutrients",
  "Nitrogen",
  "lake",
  "pH",
  "observatory",
  "AnaEE-France",
  "Phosphorus",
  "phytoplankton",
  "freshwater",
  "planktonic community",
  "macroplankton",
  "planktonic crustacea",
  "plankton",
  "picoplankton"
 ],
 "language": "eng",
 "accessibilitySummary": null,
 "accountablePerson": null,
 "version": "1.0",
 "temporalCoverage": null,
 "publisher": null,
 "spatial": null,
 "license": "http://standards.iso.org/ittf/PubliclyAvailableStandards/ISO_19139_Schemas/resources/codelist/ML_gmxCodelists.xml#MD_RestrictionCode",
 "citation": null,
 "type/genre": null,
 "creator": null,
 "update/modification_date": "2017-06-02",
 "distribution": null,
 "image": "http://w3.avignon.inra.fr/geonetwork_anaee/srv/fre//resources.get?uuid=82b98e1a-e136-4814-a938-9d571983361d&fname=camp Inselberg07_s.png",
 "thumbnailUrl": null,
 "headline": null,
 "abstract": "The mountain lakes observatory focuses on 20 lakes located above 1800m a.s.l in order to follow the reply of theses ecosystems to global changes.\nData are available for lakes situated in nature reserves of Haute-Savoie (Anterne, Brévent, Cornu, Jovet, Pormenaz), in Vanoise National Park (Arpont, Blanc et Noir du Carro, Merlet, Mont Coua ), in Ecrins National Park (Muzelle, Pavé, Pétarel, Pisses, Plan-Vianney), in Mercantour National Park (Bressse inférieur, Bresse supérieur, Lauzanier), in lakes managed by the Centre d'ingénierie of EDF (Aumar, Corne,  Cos, Izourt, Rabuons) and by the Communauté de Communes Coeur de Maurienne Arvan (Bramant and Blanc).\n\nProtocols are done every year in the same way on September in order to collect consistent data on all the lakes of the network on the following parameters: transparency, profiles on the water column, chemicals analysis, chlorophyll-a analysis, zooplankton and phytoplankton. These data are collected at the deeper point of the lake. The physical and chemical water analyses are done on two samples, one sample in the bottom of the lake and the other one at several depths in the euphotic zone. Phytoplankton analysis is also done on the sample from euphotic zone. A nest is used to sample all the water column for the zooplankton.\nLastly, data loggers are installed and measure continual data during the all year. Temperature sensors are installed at several depths and oxygen sensor is installed in the bottom of the lake.\nFor more information on protocols: www.lacs-sentinelles.org/fr/les-protocoles\n\nFor most of the lakes, data acquisition started in 2014. For some lakes, older data exist (since 1992) with uncertainties mainly on chemistry data and sometimes slightly different protocols.\nRaw data collected on the field are stored on the information system of the Observatory of Lakes (SI-OLA), managed by the INRAE of Thonon-les-Bains, France. Data can be download after the creation of a usercount.",
 "theme/category": null,
 "dateCreated": "2016-12-16",
 "creditText": null,
 "datePublished": "2017-06-13",
 "producer": null,
 "author": [
  "Christian Mougin"
 ],
 "spatialCoverage": [
  5.5926,
  7.7459,
  43.8452,
  46.1292
 ],
 "url": [
  "https://www.lacs-sentinelles.org"
 ],
 "temporal": "2016-12-16",
 "sponsor": null,
 "size": null,
 "sdPublisher": null,
 "sdLicense": null,
 "sameAs": null,
 "publication": null,
 "provider": null,
 "position": null,
 "name": "Sentinel lakes, Observatory of mountain lakes",
 "measurementTechnique": null,
 "material": null,
 "maintainer": null,
 "locationCreated": null,
 "issn": null,
 "isPartOf": null,
 "isBasedOn": null,
 "isAccessibleForFree": null,
 "includedInDataCatalog": null,
 "editor": null,
 "editEIDR": null,
 "copyrightYear": null,
 "copyrightNotice": null,
 "copyrightHolder": null,
 "contributor": null,
 "contentReferenceTime": null,
 "contentLocation": null,
 "character": null,
 "acquireLicensePage": null,
 "accessModeSufficient": null,
 "about": null,
 "rights": null,
 "relation": null,
 "qualified_relation": null,
 "qualified_attribution": null,
 "previous_version": null,
 "landing_page": "http://w3.avignon.inra.fr/geonetwork_anaee/srv/eng/catalog.search#/metadata/b8249490-1ef8-458a-9bb1-ddd320749dc4",
 "is_referenced_by": null,
 "in_series": null,
 "has_version": null,
 "has_policy": null,
 "has_current_version": null,
 "useConstraints": null,
 "status": null,
 "spatialRepresentationType": "WGS 84 / TM 116 SE (EPSG:2309)",
 "spatialRepresentationInfo": null,
 "scope": null,
 "responsibleParty": "INRAE",
 "releasability": null,
 "reference": null,
 "purpose": null,
 "otherLocale": null,
 "metadataProfile": "ISO 19115:2003/19139",
 "metadataLinkage": null,
 "metadataIdentifier": null,
 "MD_LegalConstraints": null,
 "MD_Identification": null,
 "environmentDescription": null,
 "distributor": "AnaEE",
 "distributionInfo": "Commission Regulation (EU) No 1089/2010 of 23 November 2010 implementing Directive 2007/2/EC of the European Parliament and of the Council as regards interoperability of spatial data sets and services",
 "dataQualityInfo": "Not evaluated",
 "contentInfo": null,
 "contact": null
}