{
 "description": "N/A",
 "identifier": "d3d29fb1-35a4-4f8b-adb8-26ed8d766f0f",
 "keywords": [
  "soil",
  "soil microbial diversity",
  "species identification",
  "soil biodiversity",
  "biomarker",
  "microbial biomass",
  "molecular microbial biomass",
  "environmental information network",
  "soil survey",
  "bioindicator",
  "forest",
  "landscape",
  "monitoring network",
  "microorganism",
  "experimental device",
  "french soil network monitoring",
  "bacterial biomass",
  "fungal biomass",
  "AnaEE-France",
  "land use",
  "grassland"
 ],
 "language": "eng",
 "accessibilitySummary": "N/A",
 "accountablePerson": "N/A",
 "version": "1.0",
 "temporalCoverage": "N/A",
 "publisher": "N/A",
 "spatial": "N/A",
 "longitude": 5.04,
 "latitude": 47.32,
 "license": "http://standards.iso.org/ittf/PubliclyAvailableStandards/ISO_19139_Schemas/resources/codelist/ML_gmxCodelists.xml#MD_RestrictionCode",
 "citation": "N/A",
 "genre": "N/A",
 "creator": "N/A",
 "modification_date": "2017-06-02",
 "distribution": "N/A",
 "image": "http://w3.avignon.inra.fr/geonetwork_anaee/srv/fre//resources.get?uuid=82b98e1a-e136-4814-a938-9d571983361d&fname=camp Inselberg07_s.png",
 "thumbnailUrl": "N/A",
 "headline": "N/A",
 "abstract": "The platform ‘GenoSol’ was created in 2008 by the Research Unit of INRA (National Institute for Agronomic Research) Agroecology at Dijon (France). The aim of this platform is to provide an appropriate logistic structure for the acquisition, storage and characterization of soil microbial genetic resources obtained by extensive sampling (several hundred to several thousand soils), on very large space and/or time scales, and to make these resources readily available for the whole scientific community and policy makers. The ultimate goal is to produce a reliable reference system based on molecular characterization of the soil and environmental microbial communities that provide scientific interpretations of the analyses from large scales of time and space sampling.\nGenoSol's activities are organized around 3 services:\n- a conservatory of soil genetic resources: this service is a long-term conservatory of soil samples coming from soil network survey and experimental sites, at a national (french) and international scale,\n- a technical platform for standardisation of molecular tools and characterization of microbial genetic resources (density, taxonomic diversity, activity),\n- an environmental reference system, based on MicroSol database®, mathematical and bioinformatical tools, that provides scientific and operational interpretations of molecular characterization of the soil and environmental microbial communities. \nThe plateform acquired different labels (CNOC and IBISA) for its policy of management of quality system. All the three services are available for scientific community to provide logistical and technical support for research projects.",
 "category": "N/A",
 "dateCreated": "2008-01-01",
 "creditText": "N/A",
 "datePublished": "2017-06-13",
 "producer": "N/A",
 "author": [
  "Philippe Lemanceau"
 ],
 "spatialCoverage": [
  4.94,
  5.14,
  47.22,
  47.42
 ],
 "url": [],
 "temporal": "2008-01-01",
 "sponsor": "N/A",
 "size": "N/A",
 "sdPublisher": "N/A",
 "sdLicense": "N/A",
 "sameAs": "N/A",
 "publication": "N/A",
 "provider": "N/A",
 "position": "N/A",
 "name": "Platform GenoSol : a logistical and technical tool for microbial diversity research",
 "measurementTechnique": "N/A",
 "material": "N/A",
 "maintainer": "N/A",
 "locationCreated": "N/A",
 "issn": "N/A",
 "isPartOf": "N/A",
 "isBasedOn": "N/A",
 "isAccessibleForFree": "N/A",
 "includedInDataCatalog": "N/A",
 "editor": "N/A",
 "editEIDR": "N/A",
 "copyrightYear": "N/A",
 "copyrightNotice": "N/A",
 "copyrightHolder": "N/A",
 "contributor": "N/A",
 "contentReferenceTime": "N/A",
 "contentLocation": "N/A",
 "character": "N/A",
 "acquireLicensePage": "N/A",
 "accessModeSufficient": "N/A",
 "about": "N/A",
 "rights": "N/A",
 "relation": "N/A",
 "qualified_relation": "N/A",
 "qualified_attribution": "N/A",
 "previous_version": "N/A",
 "landing_page": "http://w3.avignon.inra.fr/geonetwork_anaee/srv/eng/catalog.search#/metadata/d3d29fb1-35a4-4f8b-adb8-26ed8d766f0f",
 "is_referenced_by": "N/A",
 "in_series": "N/A",
 "has_version": "N/A",
 "has_policy": "N/A",
 "has_current_version": "N/A",
 "useConstraints": "N/A",
 "status": "N/A",
 "spatialRepresentationType": "WGS 84 / TM 116 SE (EPSG:2309)",
 "spatialRepresentationInfo": "N/A",
 "scope": "N/A",
 "responsibleParty": "INRA",
 "releasability": "N/A",
 "reference": "N/A",
 "purpose": "N/A",
 "otherLocale": "N/A",
 "metadataProfile": "ISO 19115:2003/19139",
 "metadataLinkage": "N/A",
 "metadataIdentifier": "N/A",
 "MD_LegalConstraints": "N/A",
 "MD_Identification": "N/A",
 "environmentDescription": "N/A",
 "distributor": "AnaEE",
 "distributionInfo": "Commission Regulation (EU) No 1089/2010 of 23 November 2010 implementing Directive 2007/2/EC of the European Parliament and of the Council as regards interoperability of spatial data sets and services",
 "dataQualityInfo": "Not evaluated",
 "contentInfo": "N/A",
 "contact": "N/A"
}