{
 "description": "N/A",
 "identifier": "d7d7f3bb-86dc-4c10-9661-dfa293c73862",
 "keywords": [
  "probe",
  "primary production",
  "zooplankton",
  "transparency",
  "chlorophyll",
  "chemistry",
  "nutrients",
  "Phosphorus",
  "Nitrogen",
  "Oxygen",
  "pH",
  "physicochemical analysis",
  "observatory",
  "water",
  "lake",
  "phytoplankton",
  "planktonic crustacea",
  "freshwater",
  "AnaEE-France",
  "planktonic community",
  "microplankton",
  "picoplankton",
  "macroplankton"
 ],
 "language": "eng",
 "accessibilitySummary": "N/A",
 "accountablePerson": "N/A",
 "version": "1.0",
 "temporalCoverage": "N/A",
 "publisher": "N/A",
 "spatial": "N/A",
 "longitude": 6.372964471951272,
 "latitude": 46.103184404234824,
 "license": "http://standards.iso.org/ittf/PubliclyAvailableStandards/ISO_19139_Schemas/resources/codelist/ML_gmxCodelists.xml#MD_RestrictionCode",
 "citation": "N/A",
 "genre": "N/A",
 "creator": "N/A",
 "modification_date": "2017-06-02",
 "distribution": "N/A",
 "image": "http://w3.avignon.inra.fr/geonetwork_anaee/srv/fre//resources.get?uuid=82b98e1a-e136-4814-a938-9d571983361d&fname=camp Inselberg07_s.png",
 "thumbnailUrl": "N/A",
 "headline": "N/A",
 "abstract": "Data from the INRA CARRTEL laboratory in Thonon-les-Bains (SOERE-OLA: Observation and Experimental Systems for Environmental Research - LAkes Observatory) in collaboration with CIPEL (International Commission for the Protection of Waters of Lake Geneva ). These data cover different topics:\n   The variables of the physico-chemistry theme are: nitrogen, calcium, carbon, chlorides, conductivity, magnesium, dissolved oxygen, pH, phosphorus, potassium, reactive silica, sodium, sulphate, temperature, complete alkalimetric titre. Data taken at various depths throughout the lake's water column. The samples are taken every 15 days. Without being continuous the period concerns a follow-up from the years 1957 to the present day.\n   The variables of the chlorophyll theme are: chlorophyll a strickland-parsons, chlorophyll c, carotenoids, chlorophyll a scor-unesco, pheopigments. Data taken at various depths throughout the lake's water column. The samples are taken one to three times a month. The period concerns a follow-up from 1976 to the present.\n   The variables of the topic sampling conditions are: air temperature, cloudiness, sunshine, weather, wind direction, wind speed, atmospheric pressure, water aspect, surface condition, transparency, color of water. Studies are carried out approximately once or twice a month. The period concerns a follow-up from 1957 to the present.\n   The variables of the phytoplankton theme are: determiner name, sedimented volume, counting surface, determined taxon, number of counted fields, number of objects counted, number of objects per ml, number of cells per ml, biovolume of species In the sample. Data taken from an integrated depth of 0 to 10m or 0 to 20m depending on the year. Samples are taken once a month. The period concerns a follow-up from 1974 to the present.\n   The variables of the primary production theme are: duration of incubation, primary production by actual incubation duration, primary production per hour, primary production by median third. Data taken at various depths on the lake's water column from 0 to 30m. The samples are taken once or twice a month. The period concerns a follow-up from 1976 to the present.\n   The variables of the probe theme are: depth, temperature, chlorophyll a, pH conductivity, oxygen, oxygen saturation rate, turbidity, transparency, by w, by a, pah, pc. Data obtained at various depths (every 10 cm approximately) over the whole water column of the lake (0 to 300m). Measurements are performed once or twice a month. The period concerns a follow-up from 1991 to the present.\n   The variables of the zooplankton theme are: name of the determiner, sedimented biovolume, name of the taxon determined, stage of development, number of individuals. Data taken from an integrated depth of 0 to 50m. The samples are taken one to three times a month. The period concerns a follow-up from 1959 to the present.",
 "category": "N/A",
 "dateCreated": "1899-01-01",
 "creditText": "N/A",
 "datePublished": "2017-06-13",
 "producer": "N/A",
 "author": [
  "Philippe Lemanceau"
 ],
 "spatialCoverage": [
  5.724771112576246,
  7.021157831326298,
  45.642341356272304,
  46.564027452197344
 ],
 "url": [],
 "temporal": "1899-01-01",
 "sponsor": "N/A",
 "size": "N/A",
 "sdPublisher": "N/A",
 "sdLicense": "N/A",
 "sameAs": "N/A",
 "publication": "N/A",
 "provider": "N/A",
 "position": "N/A",
 "name": "SOERE OLA : Data from the Observatory on LAkes for Lake Geneva",
 "measurementTechnique": "N/A",
 "material": "N/A",
 "maintainer": "N/A",
 "locationCreated": "N/A",
 "issn": "N/A",
 "isPartOf": "N/A",
 "isBasedOn": "N/A",
 "isAccessibleForFree": "N/A",
 "includedInDataCatalog": "N/A",
 "editor": "N/A",
 "editEIDR": "N/A",
 "copyrightYear": "N/A",
 "copyrightNotice": "N/A",
 "copyrightHolder": "N/A",
 "contributor": "N/A",
 "contentReferenceTime": "N/A",
 "contentLocation": "N/A",
 "character": "N/A",
 "acquireLicensePage": "N/A",
 "accessModeSufficient": "N/A",
 "about": "N/A",
 "rights": "N/A",
 "relation": "N/A",
 "qualified_relation": "N/A",
 "qualified_attribution": "N/A",
 "previous_version": "N/A",
 "landing_page": "http://w3.avignon.inra.fr/geonetwork_anaee/srv/eng/catalog.search#/metadata/d5d0cf74-4808-4e76-9537-d782b34b56f3",
 "is_referenced_by": "N/A",
 "in_series": "N/A",
 "has_version": "N/A",
 "has_policy": "N/A",
 "has_current_version": "N/A",
 "useConstraints": "N/A",
 "status": "N/A",
 "spatialRepresentationType": "WGS 84 / TM 116 SE (EPSG:2309)",
 "spatialRepresentationInfo": "N/A",
 "scope": "N/A",
 "responsibleParty": "INRA",
 "releasability": "N/A",
 "reference": "N/A",
 "purpose": "N/A",
 "otherLocale": "N/A",
 "metadataProfile": "ISO 19115:2003/19139",
 "metadataLinkage": "N/A",
 "metadataIdentifier": "N/A",
 "MD_LegalConstraints": "N/A",
 "MD_Identification": "N/A",
 "environmentDescription": "N/A",
 "distributor": "AnaEE",
 "distributionInfo": "Commission Regulation (EU) No 1089/2010 of 23 November 2010 implementing Directive 2007/2/EC of the European Parliament and of the Council as regards interoperability of spatial data sets and services",
 "dataQualityInfo": "Not evaluated",
 "contentInfo": "N/A",
 "contact": "N/A"
}