{
 "description": null,
 "identifier": "d90c4710-1d03-4438-ada8-c62ef24c79b6",
 "keywords": [
  "soil water content",
  "long term monitoring",
  "forest management",
  "soil temperature",
  "forest ecology",
  "air humidity",
  "incident shortwave radiation",
  "soil respiration",
  "AnaEE-France",
  "F-ORE-T",
  "natural environment",
  "flux tower",
  "incident photosynthetically active radiation",
  "net ecosystem H2O flux",
  "air temperature",
  "net carbon dioxide flux",
  "carbon balance",
  "tropical forest ecosystem",
  "global change",
  "environmental condition",
  "biodiversity loss",
  "flux of carbon dioxide",
  "ecosystem functioning",
  "acrisol"
 ],
 "language": "eng",
 "accessibilitySummary": null,
 "accountablePerson": null,
 "version": "1.0",
 "temporalCoverage": null,
 "publisher": null,
 "spatial": null,
 "license": "http://standards.iso.org/ittf/PubliclyAvailableStandards/ISO_19139_Schemas/resources/codelist/ML_gmxCodelists.xml#MD_RestrictionCode",
 "citation": null,
 "type/genre": null,
 "creator": null,
 "update/modification_date": "2017-06-02",
 "distribution": null,
 "image": "http://w3.avignon.inra.fr/geonetwork_anaee/srv/fre//resources.get?uuid=82b98e1a-e136-4814-a938-9d571983361d&fname=camp Inselberg07_s.png",
 "thumbnailUrl": null,
 "headline": null,
 "abstract": "French Guiana is a privileged territory for developing research projects in ecology and environment. The Paracou European Tropical Research Station (P-ETRS) is located about 50km from Kourou. The P-ETRS mixed heterogeneous forest is a typical tropical rainforest ecosystem, with about 180 species per hectare, and 500 trees (DBH > 10 cm) per hectare. \nP-ETRS belongs to a type of experiment set up in the 1980s to study the long-term impact of forest disturbance, particularly forest logging, on the dynamics of natural tropical rainforests. More than 100ha of trees >10cm diameter at breast height were spatialised and monitored inside large plots,  of which 75ha have been followed yearly since 1984. A 55m high self standing eddyflux tower was set up in 2003 and micrometeorological data are recorded since then. Main measurements focus on energy, carbon and water cycles.\nThe Paracou station has one living camp, accessible by road, equipped for science for a few days to several months. Traditional sleeping houses (carbets) are available, as well as electricity, refrigerators and drinking water. Communication with the outside is made by satellite phone and satellite Internet. 35 persons can be accomodated.\nClimate and forest dynamic data are available upon demand.\nCirad is responsible for the Paracou station, excepting the flux tower which belongs to Inra.\nThe Paracou station operates jointly with the Nouragues - European Tropical Research Station (see related spreadsheet).",
 "theme/category": null,
 "dateCreated": "2003-01-01",
 "creditText": null,
 "datePublished": "2017-06-13",
 "producer": null,
 "author": [
  "Philippe Lemanceau"
 ],
 "spatialCoverage": [
  -52.45,
  -52.65,
  5.30001,
  5.0
 ],
 "url": [],
 "temporal": "2003-01-01",
 "sponsor": null,
 "size": null,
 "sdPublisher": null,
 "sdLicense": null,
 "sameAs": null,
 "publication": null,
 "provider": null,
 "position": null,
 "name": "SOERE F-ORE-T : Paracou Site (French Guiana)",
 "measurementTechnique": null,
 "material": null,
 "maintainer": null,
 "locationCreated": null,
 "issn": null,
 "isPartOf": null,
 "isBasedOn": null,
 "isAccessibleForFree": null,
 "includedInDataCatalog": null,
 "editor": null,
 "editEIDR": null,
 "copyrightYear": null,
 "copyrightNotice": null,
 "copyrightHolder": null,
 "contributor": null,
 "contentReferenceTime": null,
 "contentLocation": null,
 "character": null,
 "acquireLicensePage": null,
 "accessModeSufficient": null,
 "about": null,
 "rights": null,
 "relation": null,
 "qualified_relation": null,
 "qualified_attribution": null,
 "previous_version": null,
 "landing_page": "http://w3.avignon.inra.fr/geonetwork_anaee/srv/eng/catalog.search#/metadata/d90c4710-1d03-4438-ada8-c62ef24c79b6",
 "is_referenced_by": null,
 "in_series": null,
 "has_version": null,
 "has_policy": null,
 "has_current_version": null,
 "useConstraints": null,
 "status": null,
 "spatialRepresentationType": "WGS 84 / TM 116 SE (EPSG:2309)",
 "spatialRepresentationInfo": null,
 "scope": null,
 "responsibleParty": "INRA",
 "releasability": null,
 "reference": null,
 "purpose": null,
 "otherLocale": null,
 "metadataProfile": "ISO 19115:2003/19139",
 "metadataLinkage": null,
 "metadataIdentifier": null,
 "MD_LegalConstraints": null,
 "MD_Identification": null,
 "environmentDescription": null,
 "distributor": "AnaEE",
 "distributionInfo": "Commission Regulation (EU) No 1089/2010 of 23 November 2010 implementing Directive 2007/2/EC of the European Parliament and of the Council as regards interoperability of spatial data sets and services",
 "dataQualityInfo": "Not evaluated",
 "contentInfo": null,
 "contact": null
}