{
 "description": "N/A",
 "identifier": "e0996c60-34c2-4f52-90e3-616474a4ebb5",
 "keywords": [],
 "language": "eng",
 "accessibilitySummary": "N/A",
 "accountablePerson": "N/A",
 "version": "1.0",
 "temporalCoverage": "N/A",
 "publisher": "N/A",
 "spatial": "N/A",
 "longitude": 1.9,
 "latitude": 46.15,
 "license": "http://standards.iso.org/ittf/PubliclyAvailableStandards/ISO_19139_Schemas/resources/codelist/ML_gmxCodelists.xml#MD_RestrictionCode",
 "citation": "N/A",
 "genre": "N/A",
 "creator": "N/A",
 "modification_date": "2017-06-02",
 "distribution": "N/A",
 "image": "http://w3.avignon.inra.fr/geonetwork_anaee/srv/fre//resources.get?uuid=82b98e1a-e136-4814-a938-9d571983361d&fname=camp Inselberg07_s.png",
 "thumbnailUrl": "N/A",
 "headline": "N/A",
 "abstract": "This service will provide four shared instrumental devices to follow in real time  the CO2, N2O and CH4 soil efflux and vertical concentration profile as well as their isotopic signature (13C, 15N). These instrumental devices will be installed in ecosystem experimental sites (e.g. SOERE FORET & ACBB). The data set collected will be completed by measurements of soil and meteorological conditions and net ecosystem fluxes (CO2, H2O, N2O CH4) determined from eddy covariance systems data. To do so, we will setup four trailers housing each a cavity ring-down spectroscopy analyser (Aerodyn, Picarro), coupled with selection-sampling systems, and then able to measure continuously CO2, H2O and CH4, N2O, as well as stable isotopes (13C, 15N) at 8 sample points. Mobile trailers will move from one site to the other by a car, they are ventilated and may be used under field and lab conditions throughout the year. The CRDS technique provides high sensitivity, speed, and selectivity. It can be configured to measure two or three gases simultaneously (i.e. measure intervals of 10sec with precision 0.3 and 0.8 permill). Data acquisition systems will collect data and pilot the selection-sampling systems. Satellite connection allows instrument and data control (and alarm) from a distance, as well as data downloads. During one campaign on one site, the measurements will provide data with high quality to estimate temporal evolution of isotopic signature of the soil efflux and soil layers production.",
 "category": "N/A",
 "dateCreated": "2015-01-01",
 "creditText": "N/A",
 "datePublished": "2008-06-01",
 "producer": "N/A",
 "author": [
  "Philippe Clastre"
 ],
 "spatialCoverage": [
  -5.7,
  9.5,
  41.3,
  51.0,
  -10.0,
  40.0,
  35.0,
  70.0
 ],
 "url": [],
 "temporal": "2015-01-01",
 "sponsor": "N/A",
 "size": "N/A",
 "sdPublisher": "N/A",
 "sdLicense": "N/A",
 "sameAs": "N/A",
 "publication": "N/A",
 "provider": "N/A",
 "position": "N/A",
 "name": "Mobile Gas Laboratory",
 "measurementTechnique": "N/A",
 "material": "N/A",
 "maintainer": "N/A",
 "locationCreated": "N/A",
 "issn": "N/A",
 "isPartOf": "N/A",
 "isBasedOn": "N/A",
 "isAccessibleForFree": "N/A",
 "includedInDataCatalog": "N/A",
 "editor": "N/A",
 "editEIDR": "N/A",
 "copyrightYear": "N/A",
 "copyrightNotice": "N/A",
 "copyrightHolder": "N/A",
 "contributor": "N/A",
 "contentReferenceTime": "N/A",
 "contentLocation": "N/A",
 "character": "N/A",
 "acquireLicensePage": "N/A",
 "accessModeSufficient": "N/A",
 "about": "N/A",
 "rights": "N/A",
 "relation": "N/A",
 "qualified_relation": "N/A",
 "qualified_attribution": "N/A",
 "previous_version": "N/A",
 "landing_page": "http://w3.avignon.inra.fr/geonetwork_anaee/e0996c60-34c2-4f52-90e3-616474a4ebb5",
 "is_referenced_by": "N/A",
 "in_series": "N/A",
 "has_version": "N/A",
 "has_policy": "N/A",
 "has_current_version": "N/A",
 "useConstraints": "N/A",
 "status": "N/A",
 "spatialRepresentationType": "WGS 84 / TM 116 SE (EPSG:2309)",
 "spatialRepresentationInfo": "N/A",
 "scope": "N/A",
 "responsibleParty": "INRA",
 "releasability": "N/A",
 "reference": "N/A",
 "purpose": "N/A",
 "otherLocale": "N/A",
 "metadataProfile": "ISO 19115:2003/19139",
 "metadataLinkage": "N/A",
 "metadataIdentifier": "N/A",
 "MD_LegalConstraints": "N/A",
 "MD_Identification": "N/A",
 "environmentDescription": "N/A",
 "distributor": "AnaEE",
 "distributionInfo": "Commission Regulation (EU) No 1089/2010 of 23 November 2010 implementing Directive 2007/2/EC of the European Parliament and of the Council as regards interoperability of spatial data sets and services",
 "dataQualityInfo": "Not evaluated",
 "contentInfo": "N/A",
 "contact": "N/A"
}