{
 "description": "N/A",
 "identifier": "08b1c286-760a-46fa-94f7-1c113c6e5aa4",
 "keywords": [
  "AnaEE-France",
  "community ecology",
  "animal ecology",
  "biotic interactions",
  "tropical ecology",
  "population ecology",
  "tropical forest ecosystem"
 ],
 "language": "eng",
 "accessibilitySummary": "N/A",
 "accountablePerson": "N/A",
 "version": "1.0",
 "temporalCoverage": "N/A",
 "publisher": "N/A",
 "spatial": "N/A",
 "longitude": -53.1,
 "latitude": 3.9000000000000004,
 "license": "http://standards.iso.org/ittf/PubliclyAvailableStandards/ISO_19139_Schemas/resources/codelist/ML_gmxCodelists.xml#MD_RestrictionCode",
 "citation": "N/A",
 "genre": "N/A",
 "creator": "N/A",
 "modification_date": "N/A",
 "distribution": "N/A",
 "image": "N/A",
 "thumbnailUrl": "N/A",
 "headline": "N/A",
 "abstract": "The Nouragues Ecological Research Station is a scientific station managed by Centre National de la Recherche Scientifique. It is located at the heart of a tropical rain forest, in the Nouragues Natural Reserve, French Guiana. It is a privileged equipment for the study of the functioning of tropical forests and their biodiversity. The Nouragues station is organized around two permanent camps (Inselberg camp and Pararé camp), 8 km away from each other. These two sites are equipped to welcome scientists from a few days to several months.",
 "category": "N/A",
 "dateCreated": "2015-06-25",
 "creditText": "N/A",
 "datePublished": "2017-06-13",
 "producer": "N/A",
 "author": [
  "Élodie COURTOIS"
 ],
 "spatialCoverage": [
  -54.6,
  -51.6,
  5.7,
  2.1
 ],
 "url": [],
 "temporal": "2015-06-25",
 "sponsor": "N/A",
 "size": "N/A",
 "sdPublisher": "N/A",
 "sdLicense": "N/A",
 "sameAs": "N/A",
 "publication": "N/A",
 "provider": "N/A",
 "position": "N/A",
 "name": "Nouragues ecological research stations",
 "measurementTechnique": "N/A",
 "material": "N/A",
 "maintainer": "N/A",
 "locationCreated": "N/A",
 "issn": "N/A",
 "isPartOf": "N/A",
 "isBasedOn": "N/A",
 "isAccessibleForFree": "N/A",
 "includedInDataCatalog": "N/A",
 "editor": "N/A",
 "editEIDR": "N/A",
 "copyrightYear": "N/A",
 "copyrightNotice": "N/A",
 "copyrightHolder": "N/A",
 "contributor": "N/A",
 "contentReferenceTime": "N/A",
 "contentLocation": "N/A",
 "character": "N/A",
 "acquireLicensePage": "N/A",
 "accessModeSufficient": "N/A",
 "about": "N/A",
 "rights": "N/A",
 "relation": "N/A",
 "qualified_relation": "N/A",
 "qualified_attribution": "N/A",
 "previous_version": "N/A",
 "landing_page": "http://w3.avignon.inra.fr/geonetwork_anaee/srv/eng/catalog.search#/metadata/08b1c286-760a-46fa-94f7-1c113c6e5aa4",
 "is_referenced_by": "N/A",
 "in_series": "N/A",
 "has_version": "N/A",
 "has_policy": "N/A",
 "has_current_version": "N/A",
 "useConstraints": "N/A",
 "status": "N/A",
 "spatialRepresentationType": "N/A",
 "spatialRepresentationInfo": "N/A",
 "scope": "N/A",
 "responsibleParty": "CNRS",
 "releasability": "N/A",
 "reference": "N/A",
 "purpose": "N/A",
 "otherLocale": "N/A",
 "metadataProfile": "ISO 19115:2003/19139",
 "metadataLinkage": "N/A",
 "metadataIdentifier": "N/A",
 "MD_LegalConstraints": "N/A",
 "MD_Identification": "N/A",
 "environmentDescription": "N/A",
 "distributor": "AnaEE",
 "distributionInfo": "Commission Regulation (EU) No 1089/2010 of 23 November 2010 implementing Directive 2007/2/EC of the European Parliament and of the Council as regards interoperability of spatial data sets and services",
 "dataQualityInfo": "Not evaluated",
 "contentInfo": "N/A",
 "contact": "N/A"
}