{
 "description": "N/A",
 "identifier": "1ff61781-5c3b-4680-97e1-47ed1e8a6dff",
 "keywords": [],
 "language": "eng",
 "accessibilitySummary": "N/A",
 "accountablePerson": "N/A",
 "version": "1.0",
 "temporalCoverage": "N/A",
 "publisher": "N/A",
 "spatial": "N/A",
 "longitude": 5.168,
 "latitude": 48.3155,
 "license": "http://standards.iso.org/ittf/PubliclyAvailableStandards/ISO_19139_Schemas/resources/codelist/ML_gmxCodelists.xml#MD_RestrictionCode",
 "citation": "N/A",
 "genre": "N/A",
 "creator": "N/A",
 "modification_date": "N/A",
 "distribution": "N/A",
 "image": "N/A",
 "thumbnailUrl": "N/A",
 "headline": "N/A",
 "abstract": "The EcogenO platform, specialised in environmental genomics, offers original thinking and promotes the transfer of knowledge and expertise in the field.\n\nThis platform enables projects for large-scale amplicon production and their analysis by sequencing, as well as RNASeq, ChipSeq or DNASeq projects.\n\nEquipped with 2nd generation NGS sequencers (Illumina) and a large number of satellite equipment required for sample preparation, the EcogenO platform offers the implementation and support of sequencing projects, from library preparation to primary bioinformatics data analysis.\n\nIn addition, the presence on the EcogenO platform of very high throughput quantitative PCR and genotyping equipment, unique in France (Smartchip system, Takara), offers the scientific community a capacity for project management for functional analyses (qPCR and RT-qPCR, dPCR) and SNP genotyping.\n\nEcogenO has a large storage and analysis capacity for SNP data, enabling the development of bioinformatics analyses, specific to a project or an application in a collaborative mode.\nThe scientific community can apply for an access to some of this equipment, after training and accreditation by the staff.",
 "category": "N/A",
 "dateCreated": null,
 "creditText": "N/A",
 "datePublished": "2018-07-12",
 "producer": "N/A",
 "author": [
  "Élodie COURTOIS"
 ],
 "spatialCoverage": [],
 "url": [],
 "temporal": "2008-01-01",
 "sponsor": "N/A",
 "size": "N/A",
 "sdPublisher": "N/A",
 "sdLicense": "N/A",
 "sameAs": "N/A",
 "publication": "N/A",
 "provider": "N/A",
 "position": "N/A",
 "name": "EcogenO",
 "measurementTechnique": "N/A",
 "material": "N/A",
 "maintainer": "N/A",
 "locationCreated": "N/A",
 "issn": "N/A",
 "isPartOf": "N/A",
 "isBasedOn": "N/A",
 "isAccessibleForFree": "N/A",
 "includedInDataCatalog": "N/A",
 "editor": "N/A",
 "editEIDR": "N/A",
 "copyrightYear": "N/A",
 "copyrightNotice": "N/A",
 "copyrightHolder": "N/A",
 "contributor": "N/A",
 "contentReferenceTime": "N/A",
 "contentLocation": "N/A",
 "character": "N/A",
 "acquireLicensePage": "N/A",
 "accessModeSufficient": "N/A",
 "about": "N/A",
 "rights": "N/A",
 "relation": "N/A",
 "qualified_relation": "N/A",
 "qualified_attribution": "N/A",
 "previous_version": "N/A",
 "landing_page": "http://w3.avignon.inra.fr/geonetwork_anaee/srv/eng/catalog.search#/metadata/177afe24-aa95-4f3e-a0f5-34e46ee42c55",
 "is_referenced_by": "N/A",
 "in_series": "N/A",
 "has_version": "N/A",
 "has_policy": "N/A",
 "has_current_version": "N/A",
 "useConstraints": "N/A",
 "status": "N/A",
 "spatialRepresentationType": "N/A",
 "spatialRepresentationInfo": "N/A",
 "scope": "N/A",
 "responsibleParty": "CNRS",
 "releasability": "N/A",
 "reference": "N/A",
 "purpose": "N/A",
 "otherLocale": "N/A",
 "metadataProfile": "ISO 19115:2003/19139",
 "metadataLinkage": "N/A",
 "metadataIdentifier": "N/A",
 "MD_LegalConstraints": "N/A",
 "MD_Identification": "N/A",
 "environmentDescription": "N/A",
 "distributor": "AnaEE",
 "distributionInfo": "Commission Regulation (EU) No 1089/2010 of 23 November 2010 implementing Directive 2007/2/EC of the European Parliament and of the Council as regards interoperability of spatial data sets and services",
 "dataQualityInfo": "Not evaluated",
 "contentInfo": "N/A",
 "contact": "N/A"
}