{
 "description": "N/A",
 "identifier": "2149b09b-9ed6-492d-a346-1ce8e0e1f782",
 "keywords": [
  "luvisol",
  "air humidity",
  "fluorescence",
  "species richness",
  "atmospheric pressure",
  "soil water content",
  "air temperature",
  "soil temperature",
  "forest ecology",
  "phenology",
  "soil respiration",
  "population density",
  "forest ecosystem",
  "F-ORE-T",
  "sap flow",
  "natural environment",
  "nitrogen deposition",
  "stem diameter growth",
  "canopy surface temperature",
  "incident photosynthetically active radiation",
  "net ecosystem H2O flux",
  "net carbon dioxide flux",
  "incident shortwave radiation",
  "radiation interception",
  "soil heat flux",
  "flux tower",
  "long term monitoring",
  "AnaEE-France",
  "air pollution"
 ],
 "language": "eng",
 "accessibilitySummary": "N/A",
 "accountablePerson": "N/A",
 "version": "1.0",
 "temporalCoverage": "N/A",
 "publisher": "N/A",
 "spatial": "N/A",
 "longitude": 2.4649,
 "latitude": 47.7835,
 "license": "http://standards.iso.org/ittf/PubliclyAvailableStandards/ISO_19139_Schemas/resources/codelist/ML_gmxCodelists.xml#MD_RestrictionCode",
 "citation": "N/A",
 "genre": "N/A",
 "creator": "N/A",
 "modification_date": "N/A",
 "distribution": "N/A",
 "image": "N/A",
 "thumbnailUrl": "N/A",
 "headline": "N/A",
 "abstract": "The Barbeau research facility is located in a 33-ha forest located nearby the Fontainebleau forest. Barbeau is a mature sessile Oak stand with a Hornbeam understory.\nSince 2005, a monitoring facility has continuously been measuring :\n\n- the exchanges of carbon and water vapour between the forest ecosystem and the atmosphere (through the eddy covariance (EC) methodology, installed at the top of a 35-m “flux� tower, and through organ-scale photosynthesis and respiration set-ups; 30-min time step)\n\n- the atmosphere and forest microclimates (above and within the canopy, including incoming, absorbed and reflected radiations in several spectral bands, temperatures, humidity; 30-min time step)\n\n- key variables for understanding forest functioning (e.g. tree diameter / biomass growth and soil water content on a hourly to weekly basis, tree organs nutrient contents on a seasonal basis, leaf area index on an annual basis etc.)\n\nThe instruments are co-located in a 2500-m² fenced area. However, the monitored “footprints� of sole instruments ranges from a few cm3soil (e.g. measurements of soil temperature) up to hectares (e.g. integrated measurements of co2 and h2o exchanges with the EC method).\nBeside this ensemble of continuously monitored variables, spatial surveys of the stand characteristics (e.g. tree growth, soil properties and C/N contents, soil respiration, leaf area) and large-scale experiments (e.g. 13C-enriched CO2 labelling) are regularly conducted in Barbeau.",
 "category": "N/A",
 "dateCreated": "2005-01-01",
 "creditText": "N/A",
 "datePublished": "2017-06-13",
 "producer": "N/A",
 "author": [
  "Élodie COURTOIS"
 ],
 "spatialCoverage": [
  1.4649,
  3.4649,
  47.2835,
  48.2835
 ],
 "url": [],
 "temporal": "2005-01-01",
 "sponsor": "N/A",
 "size": "N/A",
 "sdPublisher": "N/A",
 "sdLicense": "N/A",
 "sameAs": "N/A",
 "publication": "N/A",
 "provider": "N/A",
 "position": "N/A",
 "name": "SOERE F-ORE-T : Barbeau site",
 "measurementTechnique": "N/A",
 "material": "N/A",
 "maintainer": "N/A",
 "locationCreated": "N/A",
 "issn": "N/A",
 "isPartOf": "N/A",
 "isBasedOn": "N/A",
 "isAccessibleForFree": "N/A",
 "includedInDataCatalog": "N/A",
 "editor": "N/A",
 "editEIDR": "N/A",
 "copyrightYear": "N/A",
 "copyrightNotice": "N/A",
 "copyrightHolder": "N/A",
 "contributor": "N/A",
 "contentReferenceTime": "N/A",
 "contentLocation": "N/A",
 "character": "N/A",
 "acquireLicensePage": "N/A",
 "accessModeSufficient": "N/A",
 "about": "N/A",
 "rights": "N/A",
 "relation": "N/A",
 "qualified_relation": "N/A",
 "qualified_attribution": "N/A",
 "previous_version": "N/A",
 "landing_page": "http://w3.avignon.inra.fr/geonetwork_anaee/srv/eng/catalog.search#/metadata/2149b09b-9ed6-492d-a346-1ce8e0e1f782",
 "is_referenced_by": "N/A",
 "in_series": "N/A",
 "has_version": "N/A",
 "has_policy": "N/A",
 "has_current_version": "N/A",
 "useConstraints": "N/A",
 "status": "N/A",
 "spatialRepresentationType": "N/A",
 "spatialRepresentationInfo": "N/A",
 "scope": "N/A",
 "responsibleParty": "CNRS",
 "releasability": "N/A",
 "reference": "N/A",
 "purpose": "N/A",
 "otherLocale": "N/A",
 "metadataProfile": "ISO 19115:2003/19139",
 "metadataLinkage": "N/A",
 "metadataIdentifier": "N/A",
 "MD_LegalConstraints": "N/A",
 "MD_Identification": "N/A",
 "environmentDescription": "N/A",
 "distributor": "AnaEE",
 "distributionInfo": "Commission Regulation (EU) No 1089/2010 of 23 November 2010 implementing Directive 2007/2/EC of the European Parliament and of the Council as regards interoperability of spatial data sets and services",
 "dataQualityInfo": "Not evaluated",
 "contentInfo": "N/A",
 "contact": "N/A"
}