{
 "description": "N/A",
 "identifier": "356d6b7b-5b1b-4271-8350-d0c3acc32e64",
 "keywords": [
  "soil water content",
  "soil temperature",
  "natural environment",
  "atmospheric pressure",
  "long term monitoring",
  "air humidity",
  "precipitation change",
  "phenology",
  "forest ecology",
  "incident shortwave radiation",
  "population density",
  "AnaEE-France",
  "net ecosystem H2O flux",
  "incident photosynthetically active radiation",
  "net carbon dioxide flux",
  "gutter",
  "climate change",
  "radiation interception",
  "F-ORE-T",
  "forest management",
  "water balance",
  "carbon balance",
  "calcisol",
  "oak",
  "tree mortality",
  "green house",
  "forest inventory",
  "forest vulnerability",
  "ecosystem response",
  "decadal scale",
  "seasonal scale",
  "climatic data",
  "partial throughfall exclusion",
  "rain detection",
  "moving roof",
  "mediterranean ecosystem",
  "fluorescence"
 ],
 "language": "eng",
 "accessibilitySummary": "N/A",
 "accountablePerson": "N/A",
 "version": "1.0",
 "temporalCoverage": "N/A",
 "publisher": "N/A",
 "spatial": "N/A",
 "longitude": 3.5999999999999996,
 "latitude": 43.75,
 "license": "http://standards.iso.org/ittf/PubliclyAvailableStandards/ISO_19139_Schemas/resources/codelist/ML_gmxCodelists.xml#MD_RestrictionCode",
 "citation": "N/A",
 "genre": "N/A",
 "creator": "N/A",
 "modification_date": "N/A",
 "distribution": "N/A",
 "image": "N/A",
 "thumbnailUrl": "N/A",
 "headline": "N/A",
 "abstract": "The site comprises three distincts experimental set-ups:  (1) a long-term (>10 years) partial throughfall exclusion experiment replicated three times and crossed with a thinning (-30% basal area) experiment aimed at simulating long-term precipitation decrease in accordance with climate change scenario for the Mediterranean area (-30% of precipitation), (2) a total rainfall exclusion experiment using a mobile roof has been set up to simulate extreme drought events and modify precipitation seasonality, and (3) an eddy-covariance flux tower running continuously since 2001 to measure seasonal variations in ecosystem functioning and year-to-year flux responses to drought and climate.",
 "category": "N/A",
 "dateCreated": "1984-01-01",
 "creditText": "N/A",
 "datePublished": "2017-06-13",
 "producer": "N/A",
 "author": [
  "Élodie COURTOIS"
 ],
 "spatialCoverage": [
  2.6,
  4.6,
  42.75,
  44.75
 ],
 "url": [],
 "temporal": "1984-01-01",
 "sponsor": "N/A",
 "size": "N/A",
 "sdPublisher": "N/A",
 "sdLicense": "N/A",
 "sameAs": "N/A",
 "publication": "N/A",
 "provider": "N/A",
 "position": "N/A",
 "name": "SOERE F-ORE-T : Puéchabon site",
 "measurementTechnique": "N/A",
 "material": "N/A",
 "maintainer": "N/A",
 "locationCreated": "N/A",
 "issn": "N/A",
 "isPartOf": "N/A",
 "isBasedOn": "N/A",
 "isAccessibleForFree": "N/A",
 "includedInDataCatalog": "N/A",
 "editor": "N/A",
 "editEIDR": "N/A",
 "copyrightYear": "N/A",
 "copyrightNotice": "N/A",
 "copyrightHolder": "N/A",
 "contributor": "N/A",
 "contentReferenceTime": "N/A",
 "contentLocation": "N/A",
 "character": "N/A",
 "acquireLicensePage": "N/A",
 "accessModeSufficient": "N/A",
 "about": "N/A",
 "rights": "N/A",
 "relation": "N/A",
 "qualified_relation": "N/A",
 "qualified_attribution": "N/A",
 "previous_version": "N/A",
 "landing_page": "http://w3.avignon.inra.fr/geonetwork_anaee/srv/eng/catalog.search#/metadata/356d6b7b-5b1b-4271-8350-d0c3acc32e64",
 "is_referenced_by": "N/A",
 "in_series": "N/A",
 "has_version": "N/A",
 "has_policy": "N/A",
 "has_current_version": "N/A",
 "useConstraints": "N/A",
 "status": "N/A",
 "spatialRepresentationType": "N/A",
 "spatialRepresentationInfo": "N/A",
 "scope": "N/A",
 "responsibleParty": "CNRS",
 "releasability": "N/A",
 "reference": "N/A",
 "purpose": "N/A",
 "otherLocale": "N/A",
 "metadataProfile": "ISO 19115:2003/19139",
 "metadataLinkage": "N/A",
 "metadataIdentifier": "N/A",
 "MD_LegalConstraints": "N/A",
 "MD_Identification": "N/A",
 "environmentDescription": "N/A",
 "distributor": "AnaEE",
 "distributionInfo": "Commission Regulation (EU) No 1089/2010 of 23 November 2010 implementing Directive 2007/2/EC of the European Parliament and of the Council as regards interoperability of spatial data sets and services",
 "dataQualityInfo": "Not evaluated",
 "contentInfo": "N/A",
 "contact": "N/A"
}