{
 "description": "N/A",
 "identifier": "864d43f1-fbba-4652-896d-61950f3d3a22",
 "keywords": [
  "AnaEE-France",
  "modelling platform",
  "modelling",
  "simulation"
 ],
 "language": "eng",
 "accessibilitySummary": "N/A",
 "accountablePerson": "N/A",
 "version": "1.0",
 "temporalCoverage": "N/A",
 "publisher": "N/A",
 "spatial": "N/A",
 "longitude": 4.800000000000001,
 "latitude": 43.965,
 "license": "http://standards.iso.org/ittf/PubliclyAvailableStandards/ISO_19139_Schemas/resources/codelist/ML_gmxCodelists.xml#MD_RestrictionCode",
 "citation": "N/A",
 "genre": "N/A",
 "creator": "N/A",
 "modification_date": "2017-06-02",
 "distribution": "N/A",
 "image": "http://w3.avignon.inra.fr/geonetwork_anaee/srv/fre//resources.get?uuid=82b98e1a-e136-4814-a938-9d571983361d&fname=camp Inselberg07_s.png",
 "thumbnailUrl": "N/A",
 "headline": "N/A",
 "abstract": "VSoil modeling platform is a tool designed to built models for the simulation of physical, chemical and biological processes occuring in a soil profile.  It is based on the idea that modules simulating various phenomena can be reused and assembled to create models.  The platform has four components.  One named VSoil_Processes is designed to capitalize scientific knowledge on the processes.  This tool helps defining processes or modifying existing ones.  A second component, named VSoil_Modules is available to develop modules simulating a phenomena.  This component helps modelers to develop and test their modules.  It offers a text editor, easy access to the input and outputs variables of a module and a compiler for Fortran and C++.  The developer can also test its module and display the results.  The third tool, named VSoil_Models, is designed to help users assemble modules to create models.  In particular, this tool guides the user when choosing the modules and checks that the modules are compatible with each other.  When all the modules are  chosen and have their inputs available, VSoil_Models compiles the model and creates a GUI.  The model can be run and results displayed in graphical or textual form.  \nThe fourth component, name VSoil Player, is designed to run already available models, to compare models, to run a model on several data sets and to carry out sensitivity analysis.\nThe platform can be freely downloaded.  The platform is installed on users computers and run under Linux or Windows.  \nImportation and exportation tools are availble to help users collaborate.  This tools allows to easily exchange by mail : processes, modules and models.",
 "category": "N/A",
 "dateCreated": "2009-01-01",
 "creditText": "N/A",
 "datePublished": "2017-06-13",
 "producer": "N/A",
 "author": [
  "Frédérique LOUAULT"
 ],
 "spatialCoverage": [
  4.7,
  4.9,
  43.84,
  44.09
 ],
 "url": [],
 "temporal": "2009-01-01",
 "sponsor": "N/A",
 "size": "N/A",
 "sdPublisher": "N/A",
 "sdLicense": "N/A",
 "sameAs": "N/A",
 "publication": "N/A",
 "provider": "N/A",
 "position": "N/A",
 "name": "Virtual Soil Modeling Platform",
 "measurementTechnique": "N/A",
 "material": "N/A",
 "maintainer": "N/A",
 "locationCreated": "N/A",
 "issn": "N/A",
 "isPartOf": "N/A",
 "isBasedOn": "N/A",
 "isAccessibleForFree": "N/A",
 "includedInDataCatalog": "N/A",
 "editor": "N/A",
 "editEIDR": "N/A",
 "copyrightYear": "N/A",
 "copyrightNotice": "N/A",
 "copyrightHolder": "N/A",
 "contributor": "N/A",
 "contentReferenceTime": "N/A",
 "contentLocation": "N/A",
 "character": "N/A",
 "acquireLicensePage": "N/A",
 "accessModeSufficient": "N/A",
 "about": "N/A",
 "rights": "N/A",
 "relation": "N/A",
 "qualified_relation": "N/A",
 "qualified_attribution": "N/A",
 "previous_version": "N/A",
 "landing_page": "http://w3.avignon.inra.fr/geonetwork_anaee/srv/eng/catalog.search#/metadata/864d43f1-fbba-4652-896d-61950f3d3a22",
 "is_referenced_by": "N/A",
 "in_series": "N/A",
 "has_version": "N/A",
 "has_policy": "N/A",
 "has_current_version": "N/A",
 "useConstraints": "N/A",
 "status": "N/A",
 "spatialRepresentationType": "N/A",
 "spatialRepresentationInfo": "N/A",
 "scope": "N/A",
 "responsibleParty": "INRAE",
 "releasability": "N/A",
 "reference": "N/A",
 "purpose": "N/A",
 "otherLocale": "N/A",
 "metadataProfile": "ISO 19115:2003/19139",
 "metadataLinkage": "N/A",
 "metadataIdentifier": "N/A",
 "MD_LegalConstraints": "N/A",
 "MD_Identification": "N/A",
 "environmentDescription": "N/A",
 "distributor": "AnaEE",
 "distributionInfo": "Commission Regulation (EU) No 1089/2010 of 23 November 2010 implementing Directive 2007/2/EC of the European Parliament and of the Council as regards interoperability of spatial data sets and services",
 "dataQualityInfo": "Not evaluated",
 "contentInfo": "N/A",
 "contact": "N/A"
}