{
 "description": "N/A",
 "identifier": "c32a4228-b3b7-4eda-b06c-97d0e59c0dfb",
 "keywords": [
  "long term monitoring",
  "AnaEE-France",
  "soil water content",
  "soil temperature",
  "air humidity",
  "natural environment",
  "forest ecosystem",
  "forest ecology",
  "soil respiration",
  "luvisol",
  "air temperature",
  "precipitation change",
  "forest management",
  "cup lysimeter",
  "AnaEE service mobile lab",
  "bulk deposition",
  "F-ORE-T",
  "hydrological change",
  "soil gas"
 ],
 "language": "eng",
 "accessibilitySummary": "N/A",
 "accountablePerson": "N/A",
 "version": "1.0",
 "temporalCoverage": "N/A",
 "publisher": "N/A",
 "spatial": "N/A",
 "longitude": 6.69,
 "latitude": 48.48,
 "license": "http://standards.iso.org/ittf/PubliclyAvailableStandards/ISO_19139_Schemas/resources/codelist/ML_gmxCodelists.xml#MD_RestrictionCode",
 "citation": "N/A",
 "genre": "N/A",
 "creator": "N/A",
 "modification_date": "2020-01-03",
 "distribution": "N/A",
 "image": "http://w3.avignon.inra.fr/geonetwork_anaee/srv/fre//resources.get?uuid=82b98e1a-e136-4814-a938-9d571983361d&fname=camp Inselberg07_s.png",
 "thumbnailUrl": "N/A",
 "headline": "N/A",
 "abstract": "Each site has three common treatments: a control (C), a compacted treatment (T), a compacted and decompacted treatment (D), and more specific ones, locally decompacted soil (P) at Azerailles 54, and, limed (A) and limed and compacted (CA) at Clermont en Argonne 55. Each treatment plot of 0.25ha is replicated three times (3 blocks).\nAzerailles site was installed in spring 2007 and Clermont in spring 2008. Since that time monitoring occured for:\n-mesoclimate: rainfall, air temperature, relative humidity, bulk deposition (continuous recording)\n- soil climate: soil moisture (TDR Trase system (5 replicates at 15 and 60 cm depth) in one replicate of C and T (recorded each four hours)\n- water table: 2 piezometers in each replicate of treatments (Divers hourly recorded); monthly sampling using specific devices for Redox problems\n- weakly fixed soil water: cup lysimeters inserted at 15 and 60 cm depth (4 replicates in one block for C and T treatments) + teatments A and CA at Clermont en Argonne. Automate for constant vacuum at 700hP. Monthly collection for chemical analysis\n- soil gas: specific captors installed at 5, 10, 20, 35, 50 and 70 cm depth in each C and T treatments of the 3 blocks in the 2 sites. Monthly collection for chemical analysis (N, CO2, CH4, N2O, O2)\n-soil solid phase: soil morphology, soils physics, chemistry and biology (pro parte) were initialy described. Soil physical parameters (strengh, bulk density, hydraulic conductivity, swelling/shrinkage, porosity...), chemistry (C, N, exchangeable cations, P) and biology (earthworms) are perediodicaly investigated (each year for physics; 2/3 years for chemistry and biology).\nvegetation: both understorey and oak plantation were annually observed\nsoil biology: earthworms are periodically observed",
 "category": "N/A",
 "dateCreated": "2007-01-04",
 "creditText": "N/A",
 "datePublished": "2017-06-13",
 "producer": "N/A",
 "author": [
  "Cécile CALLOU"
 ],
 "spatialCoverage": [
  5.69,
  7.69,
  47.48,
  49.48,
  4.9,
  5.1,
  49.0,
  49.2
 ],
 "url": [],
 "temporal": "2007-01-04",
 "sponsor": "N/A",
 "size": "N/A",
 "sdPublisher": "N/A",
 "sdLicense": "N/A",
 "sameAs": "N/A",
 "publication": "N/A",
 "provider": "N/A",
 "position": "N/A",
 "name": "SOERE F-ORE-T : Azerailles/Clermont Site",
 "measurementTechnique": "N/A",
 "material": "N/A",
 "maintainer": "N/A",
 "locationCreated": "N/A",
 "issn": "N/A",
 "isPartOf": "N/A",
 "isBasedOn": "N/A",
 "isAccessibleForFree": "N/A",
 "includedInDataCatalog": "N/A",
 "editor": "N/A",
 "editEIDR": "N/A",
 "copyrightYear": "N/A",
 "copyrightNotice": "N/A",
 "copyrightHolder": "N/A",
 "contributor": "N/A",
 "contentReferenceTime": "N/A",
 "contentLocation": "N/A",
 "character": "N/A",
 "acquireLicensePage": "N/A",
 "accessModeSufficient": "N/A",
 "about": "N/A",
 "rights": "N/A",
 "relation": "N/A",
 "qualified_relation": "N/A",
 "qualified_attribution": "N/A",
 "previous_version": "N/A",
 "landing_page": "http://w3.avignon.inra.fr/geonetwork_anaee/srv/eng/catalog.search#/metadata/c32a4228-b3b7-4eda-b06c-97d0e59c0dfb",
 "is_referenced_by": "N/A",
 "in_series": "N/A",
 "has_version": "N/A",
 "has_policy": "N/A",
 "has_current_version": "N/A",
 "useConstraints": "N/A",
 "status": "N/A",
 "spatialRepresentationType": "WGS 84 / TM 116 SE (EPSG:2309)",
 "spatialRepresentationInfo": "N/A",
 "scope": "N/A",
 "responsibleParty": "CNRS",
 "releasability": "N/A",
 "reference": "N/A",
 "purpose": "N/A",
 "otherLocale": "N/A",
 "metadataProfile": "ISO 19115:2003/19139",
 "metadataLinkage": "N/A",
 "metadataIdentifier": "N/A",
 "MD_LegalConstraints": "N/A",
 "MD_Identification": "N/A",
 "environmentDescription": "N/A",
 "distributor": "AnaEE",
 "distributionInfo": "Commission Regulation (EU) No 1089/2010 of 23 November 2010 implementing Directive 2007/2/EC of the European Parliament and of the Council as regards interoperability of spatial data sets and services",
 "dataQualityInfo": "Not evaluated",
 "contentInfo": "N/A",
 "contact": "N/A"
}