{
 "description": "N/A",
 "identifier": "cdf098e3-2ae7-4514-8957-ef3847a21ec2",
 "keywords": [
  "ecotoxicology",
  "AnaEE-France",
  "air-conditioned rooms",
  "animal population",
  "anthropogenic environment",
  "aquatic breeding",
  "aquatic ecology",
  "aquatic community",
  "aquatic mesocosm",
  "aquatic ecosystem",
  "aquatic organism",
  "breeding",
  "control measurements",
  "climate control",
  "environmental control",
  "global change",
  "environmental stress",
  "ecophysiology",
  "green house",
  "organic contaminant",
  "natural environment",
  "invasive species",
  "inbreeding depression",
  "microcosm",
  "plant breeding",
  "renilis",
  "selective breeding",
  "trophic ecology",
  "genetics",
  "rivan 92"
 ],
 "language": "eng",
 "accessibilitySummary": "N/A",
 "accountablePerson": "N/A",
 "version": "1.0",
 "temporalCoverage": "N/A",
 "publisher": "N/A",
 "spatial": "N/A",
 "longitude": -1.7075749999999998,
 "latitude": 48.112655000000004,
 "license": "http://standards.iso.org/ittf/PubliclyAvailableStandards/ISO_19139_Schemas/resources/codelist/ML_gmxCodelists.xml#MD_RestrictionCode",
 "citation": "N/A",
 "genre": "N/A",
 "creator": "N/A",
 "modification_date": "2020-01-03",
 "distribution": "N/A",
 "image": "http://w3.avignon.inra.fr/geonetwork_anaee/srv/fre//resources.get?uuid=82b98e1a-e136-4814-a938-9d571983361d&fname=camp Inselberg07_s.png",
 "thumbnailUrl": "N/A",
 "headline": "N/A",
 "abstract": "This platform provide all the tools and skills required for answering fundamental or applied research questions in ecology, ecotoxicology, evolutionary biology, etc. It hosts multidisciplinary programs with applied issues concerning the evolutions of aquatic ecosystems under contrasted stressors: local stress (due to agricultural, industrial, urban activities) and/or global stress (due to climate change, but also to changes in land use or biological invasions).\nThe PEARL facility consists in: \n-\tan experimental complex of two multipurpose halls (400 m² each), greenhouses (250 m²), an outdoor pond platform (500 m²) and about sixty aquatic mesocosms, located on the Rennes Agrocampus Ouest site. \n-\tA “pond� station of around 30 ponds (total surface of 5ha), in Le Rheu near Rennes.",
 "category": "N/A",
 "dateCreated": "1998-01-01",
 "creditText": "N/A",
 "datePublished": "2017-06-13",
 "producer": "N/A",
 "author": [
  "Aurélia MICHAUD"
 ],
 "spatialCoverage": [
  -1.71026,
  -1.70489,
  48.11168,
  48.11363,
  -1.78515,
  -1.79511,
  48.11768,
  48.12272
 ],
 "url": [],
 "temporal": "1998-01-01",
 "sponsor": "N/A",
 "size": "N/A",
 "sdPublisher": "N/A",
 "sdLicense": "N/A",
 "sameAs": "N/A",
 "publication": "N/A",
 "provider": "N/A",
 "position": "N/A",
 "name": "Aquatic Experimental platform of Rennes and Le Rheu (PEARL)",
 "measurementTechnique": "N/A",
 "material": "N/A",
 "maintainer": "N/A",
 "locationCreated": "N/A",
 "issn": "N/A",
 "isPartOf": "N/A",
 "isBasedOn": "N/A",
 "isAccessibleForFree": "N/A",
 "includedInDataCatalog": "N/A",
 "editor": "N/A",
 "editEIDR": "N/A",
 "copyrightYear": "N/A",
 "copyrightNotice": "N/A",
 "copyrightHolder": "N/A",
 "contributor": "N/A",
 "contentReferenceTime": "N/A",
 "contentLocation": "N/A",
 "character": "N/A",
 "acquireLicensePage": "N/A",
 "accessModeSufficient": "N/A",
 "about": "N/A",
 "rights": "N/A",
 "relation": "N/A",
 "qualified_relation": "N/A",
 "qualified_attribution": "N/A",
 "previous_version": "N/A",
 "landing_page": "http://w3.avignon.inra.fr/geonetwork_anaee/srv/eng/catalog.search#/metadata/cdf098e3-2ae7-4514-8957-ef3847a21ec2",
 "is_referenced_by": "N/A",
 "in_series": "N/A",
 "has_version": "N/A",
 "has_policy": "N/A",
 "has_current_version": "N/A",
 "useConstraints": "N/A",
 "status": "N/A",
 "spatialRepresentationType": "WGS 84 / TM 116 SE (EPSG:2309)",
 "spatialRepresentationInfo": "N/A",
 "scope": "N/A",
 "responsibleParty": "INRAE",
 "releasability": "N/A",
 "reference": "N/A",
 "purpose": "N/A",
 "otherLocale": "N/A",
 "metadataProfile": "ISO 19115:2003/19139",
 "metadataLinkage": "N/A",
 "metadataIdentifier": "N/A",
 "MD_LegalConstraints": "N/A",
 "MD_Identification": "N/A",
 "environmentDescription": "N/A",
 "distributor": "AnaEE",
 "distributionInfo": "Commission Regulation (EU) No 1089/2010 of 23 November 2010 implementing Directive 2007/2/EC of the European Parliament and of the Council as regards interoperability of spatial data sets and services",
 "dataQualityInfo": "Not evaluated",
 "contentInfo": "N/A",
 "contact": "N/A"
}