{
 "description": "N/A",
 "identifier": "d16472fe-ca94-4e35-8dac-934eeced2ea4",
 "keywords": [
  "aquatic mesocosm",
  "climatic experiment",
  "climate change",
  "climate control",
  "environmental sciences",
  "microbial ecology",
  "terrestrial ecosystems",
  "ecology",
  "ecology",
  "climate change adaptation",
  "population ecology",
  "soil microbial ecology",
  "air",
  "climatic cycle",
  "ecosystem ecology",
  "atmosphere",
  "plant ecology",
  "microcosm",
  "ecotron",
  "climate extreme",
  "climate",
  "soil microcosm"
 ],
 "language": "eng",
 "accessibilitySummary": "N/A",
 "accountablePerson": "N/A",
 "version": "1.0",
 "temporalCoverage": "N/A",
 "publisher": "N/A",
 "spatial": "N/A",
 "longitude": 2.670687370300328,
 "latitude": 48.285062373918464,
 "license": "http://standards.iso.org/ittf/PubliclyAvailableStandards/ISO_19139_Schemas/resources/codelist/ML_gmxCodelists.xml#MD_RestrictionCode",
 "citation": "N/A",
 "genre": "N/A",
 "creator": "N/A",
 "modification_date": "2020-01-03",
 "distribution": "N/A",
 "image": "http://w3.avignon.inra.fr/geonetwork_anaee/srv/fre//resources.get?uuid=82b98e1a-e136-4814-a938-9d571983361d&fname=camp Inselberg07_s.png",
 "thumbnailUrl": "N/A",
 "headline": "N/A",
 "abstract": "Both Ecotron IleDeFrance and Ecotron de Montpellier are part of the distributed “Infrastructure de Recherche� (IR) managed and supported by CNRS and Ecole normale supérieure since 2010.\nEcotrons enable highly controlled manipulation and measurement of terrestrial and aquatic organisms, communities and ecosystems with unprecedented power and quality. On a technological side, an Ecotron is defined as a device allowing the precise conditioning of the environment and the detailed monitoring of states and activities of organisms and ecosystems. Ecotrons allow studying a range of small to medium sized biological systems from relatively complex ecosystems (e.g., intact samples of grasslands) to model plant and animal species up to reconstructed ecosystems (e.g., artificial life support models). Ecotrons can thus be used to confine ecosystems from in natura sites and therefore conduct detailed, controlled experiments on natural ecosystems.\n\nThe Ecotron IleDeFrance is based on technologies implemented in the Ecolab equipment and developed primarily in collaboration with the French private company Cesbron. The Ecolab is a modular structure coupling together three environmental chambers and one laboratory room. Each environmental chamber can be independently controlled accurately for realistic climate and atmospheric conditions (temperature, humidity, CO2 and O2 content, lighting) with unprecedented power and accuracy. A stainless steel lysimeter with temperature-control on three independent levels makes it possible to incubate both terrestrial and aquatic systems and simulate thermal gradients. Artificial light can be provided with several technologies to adapt to the needs and constraints of each project. The Ecotron IleDeFrance combines several Ecolabs into a network making it possible to run powerful, replicated experiments.",
 "category": "N/A",
 "dateCreated": "2008-03-10",
 "creditText": "N/A",
 "datePublished": "2017-06-13",
 "producer": "N/A",
 "author": [
  "Aurélia MICHAUD"
 ],
 "spatialCoverage": [
  2.6597868728638345,
  2.6815878677368223,
  48.27952232711317,
  48.29060242072376
 ],
 "url": [],
 "temporal": "2008-03-10",
 "sponsor": "N/A",
 "size": "N/A",
 "sdPublisher": "N/A",
 "sdLicense": "N/A",
 "sameAs": "N/A",
 "publication": "N/A",
 "provider": "N/A",
 "position": "N/A",
 "name": "Ecotron IleDeFrance",
 "measurementTechnique": "N/A",
 "material": "N/A",
 "maintainer": "N/A",
 "locationCreated": "N/A",
 "issn": "N/A",
 "isPartOf": "N/A",
 "isBasedOn": "N/A",
 "isAccessibleForFree": "N/A",
 "includedInDataCatalog": "N/A",
 "editor": "N/A",
 "editEIDR": "N/A",
 "copyrightYear": "N/A",
 "copyrightNotice": "N/A",
 "copyrightHolder": "N/A",
 "contributor": "N/A",
 "contentReferenceTime": "N/A",
 "contentLocation": "N/A",
 "character": "N/A",
 "acquireLicensePage": "N/A",
 "accessModeSufficient": "N/A",
 "about": "N/A",
 "rights": "N/A",
 "relation": "N/A",
 "qualified_relation": "N/A",
 "qualified_attribution": "N/A",
 "previous_version": "N/A",
 "landing_page": "http://w3.avignon.inra.fr/geonetwork_anaee/srv/eng/catalog.search#/metadata/d16472fe-ca94-4e35-8dac-934eeced2ea4",
 "is_referenced_by": "N/A",
 "in_series": "N/A",
 "has_version": "N/A",
 "has_policy": "N/A",
 "has_current_version": "N/A",
 "useConstraints": "N/A",
 "status": "N/A",
 "spatialRepresentationType": "WGS 84 / TM 116 SE (EPSG:2309)",
 "spatialRepresentationInfo": "N/A",
 "scope": "N/A",
 "responsibleParty": "INRAE",
 "releasability": "N/A",
 "reference": "N/A",
 "purpose": "N/A",
 "otherLocale": "N/A",
 "metadataProfile": "ISO 19115:2003/19139",
 "metadataLinkage": "N/A",
 "metadataIdentifier": "N/A",
 "MD_LegalConstraints": "N/A",
 "MD_Identification": "N/A",
 "environmentDescription": "N/A",
 "distributor": "AnaEE",
 "distributionInfo": "Commission Regulation (EU) No 1089/2010 of 23 November 2010 implementing Directive 2007/2/EC of the European Parliament and of the Council as regards interoperability of spatial data sets and services",
 "dataQualityInfo": "Not evaluated",
 "contentInfo": "N/A",
 "contact": "N/A"
}