{
 "description": "N/A",
 "identifier": "ec151f7d-fa3f-49b2-8603-0eda7589a3a4",
 "keywords": [],
 "language": "eng",
 "accessibilitySummary": "N/A",
 "accountablePerson": "N/A",
 "version": "1.0",
 "temporalCoverage": "N/A",
 "publisher": "N/A",
 "spatial": "N/A",
 "longitude": 1.9,
 "latitude": 46.15,
 "license": "http://standards.iso.org/ittf/PubliclyAvailableStandards/ISO_19139_Schemas/resources/codelist/ML_gmxCodelists.xml#MD_RestrictionCode",
 "citation": "N/A",
 "genre": "N/A",
 "creator": "N/A",
 "modification_date": "2017-06-02",
 "distribution": "N/A",
 "image": "http://w3.avignon.inra.fr/geonetwork_anaee/srv/fre//resources.get?uuid=82b98e1a-e136-4814-a938-9d571983361d&fname=camp Inselberg07_s.png",
 "thumbnailUrl": "N/A",
 "headline": "N/A",
 "abstract": "AnaEE-France is the French national infrastructure devoted to the study of continental ecosystems and their biodiversity. It offers experimental facilities in controlled, semi-natural or natural environments, analysis platforms and shared instruments as well as modeling platforms and database Information Systems.\n\nThe research project that use the AnaEE-F experimental facilities will be described by general metadata (description of the experiment, type of ecosystem, studied variables, manipulated factors)",
 "category": "N/A",
 "dateCreated": "2018-10-20",
 "creditText": "N/A",
 "datePublished": "2018-07-12",
 "producer": "N/A",
 "author": [
  "Philippe Clastre"
 ],
 "spatialCoverage": [],
 "url": [
  "https://www.anaee-france.fr/en/about-us/introduction-to-anaee-france",
  "http://w3.avignon.inra.fr/geonetwork_anaee/srv/eng/catalog.search#/home",
  "http://w3.avignon.inra.fr/geonetwork_anaee/srv/eng/catalog.search#/metadata/08508ba3-5a7d-44eb-8dc0-06a5c92a9472"
 ],
 "temporal": "2018-10-20",
 "sponsor": "N/A",
 "size": "N/A",
 "sdPublisher": "N/A",
 "sdLicense": "N/A",
 "sameAs": "N/A",
 "publication": "N/A",
 "provider": "N/A",
 "position": "N/A",
 "name": "Projects of experimentation on ecosystems using the AnaEE services",
 "measurementTechnique": "N/A",
 "material": "N/A",
 "maintainer": "N/A",
 "locationCreated": "N/A",
 "issn": "N/A",
 "isPartOf": "N/A",
 "isBasedOn": "N/A",
 "isAccessibleForFree": "N/A",
 "includedInDataCatalog": "N/A",
 "editor": "N/A",
 "editEIDR": "N/A",
 "copyrightYear": "N/A",
 "copyrightNotice": "N/A",
 "copyrightHolder": "N/A",
 "contributor": "N/A",
 "contentReferenceTime": "N/A",
 "contentLocation": "N/A",
 "character": "N/A",
 "acquireLicensePage": "N/A",
 "accessModeSufficient": "N/A",
 "about": "N/A",
 "rights": "N/A",
 "relation": "N/A",
 "qualified_relation": "N/A",
 "qualified_attribution": "N/A",
 "previous_version": "N/A",
 "landing_page": "http://w3.avignon.inra.fr/geonetwork_anaee/srv/eng/catalog.search#/metadata/ec151f7d-fa3f-49b2-8603-0eda7589a3a4",
 "is_referenced_by": "N/A",
 "in_series": "N/A",
 "has_version": "N/A",
 "has_policy": "N/A",
 "has_current_version": "N/A",
 "useConstraints": "N/A",
 "status": "N/A",
 "spatialRepresentationType": "WGS 84 / TM 116 SE (EPSG:2309)",
 "spatialRepresentationInfo": "N/A",
 "scope": "N/A",
 "responsibleParty": "INRA",
 "releasability": "N/A",
 "reference": "N/A",
 "purpose": "N/A",
 "otherLocale": "N/A",
 "metadataProfile": "ISO 19115:2003/19139",
 "metadataLinkage": "N/A",
 "metadataIdentifier": "N/A",
 "MD_LegalConstraints": "N/A",
 "MD_Identification": "N/A",
 "environmentDescription": "N/A",
 "distributor": "AnaEE",
 "distributionInfo": "Commission Regulation (EU) No 1089/2010 of 23 November 2010 implementing Directive 2007/2/EC of the European Parliament and of the Council as regards interoperability of spatial data sets and services",
 "dataQualityInfo": "Not evaluated",
 "contentInfo": "N/A",
 "contact": "N/A"
}